"general_detail.emis.school_emis","total_number_student_num","number_pupils_boys_num","number_pupils_girls_num","number_pupils_special_needs_num","difficulty_mobility_girl_num","difficulty_seeing_girls_num","difficulty_hearing_girls_num","difficulty_other_girls_num","difficulty_mobility_boys_num","difficulty_seeing_boys_num","difficulty_hearing_boys_num","difficulty_other_boys_num","total_staff_female_num","total_staff_male_num","difficulty_mobility_staff_girl_num","difficulty_seeing_staff_girls_num","difficulty_hearing_staff_girls_num","difficulty_other_staff_girls_num","difficulty_specify_other_girls","difficulty_specify_other_boys","number_pupils_staff_esimate","num_bucket"
"EMIS300330006",98,56,42,2,0,0,0,0,0,0,0,2,4,2,0,0,0,0,"n/a","Difficulties in speaking, slow in activities","n/a","betn_50_99"
"EMIS300390009",63,36,27,0,0,0,0,0,0,0,0,0,4,1,0,0,0,0,"n/a","n/a","n/a","betn_50_99"
"EMIS300390011",44,12,32,0,0,0,0,NA,NA,NA,NA,NA,4,1,0,0,0,NA,"n/a","n/a","n/a","betn_20_49"
"EMIS300390005",217,101,116,0,0,0,0,0,0,0,0,0,6,6,0,0,0,0,"n/a","n/a","betn_100_499","betn_100_499"
"EMIS300390013",24,12,12,0,0,0,0,NA,0,0,0,NA,2,0,0,0,0,NA,"n/a","n/a","n/a","betn_20_49"
"EMIS300330011",50,26,24,0,0,0,0,1,NA,NA,NA,1,5,0,0,0,0,NA,"Problem related to heart.","Problem in speaking.","n/a","betn_50_99"
"EMIS300330005",69,37,31,2,1,0,0,1,0,0,0,NA,3,1,0,0,0,NA,"Problem in hand.","n/a","n/a","betn_50_99"
"EMIS300330009",52,18,34,0,0,0,0,1,0,0,0,0,2,3,0,0,0,0,"Slow minded","n/a","n/a","betn_50_99"
"EMIS300330003",21,10,11,0,0,0,0,0,0,0,0,0,2,0,0,0,0,0,"n/a","n/a","n/a","betn_20_49"
"EMIS300330007",245,128,117,2,1,0,0,0,0,0,0,1,4,6,0,0,0,NA,"n/a","Problem in nerve","n/a","betn_100_499"
"EMIS300290016",36,20,16,1,0,0,0,0,0,NA,0,1,3,0,0,0,0,0,"n/a","Cannot speak","n/a","betn_20_49"
"EMIS300330016",28,15,13,0,0,1,0,NA,0,0,0,NA,2,1,0,0,0,NA,"n/a","n/a","n/a","betn_20_49"
"EMIS300330018",28,11,17,0,0,0,0,0,0,0,0,0,3,0,0,0,0,0,"n/a","n/a","n/a","betn_20_49"
"EMIS300330013",34,16,18,0,0,0,0,0,0,0,0,0,1,3,0,0,0,0,"n/a","n/a","betn_20_49","betn_20_49"
"EMIS300330017",11,6,5,0,0,0,0,0,0,0,0,0,1,1,0,0,0,0,"n/a","n/a","n/a","less_than_20"
"EMIS300290003",56,29,27,0,0,0,1,NA,0,0,0,NA,3,2,0,0,0,NA,"n/a","n/a","n/a","betn_50_99"
"EMIS300290009",78,48,30,0,0,0,0,0,0,0,0,0,3,2,0,0,0,0,"n/a","n/a","n/a","betn_50_99"
"EMIS300290021",15,7,8,0,0,0,0,0,NA,NA,NA,NA,1,0,0,0,0,0,"n/a","n/a","less_than_20","less_than_20"
"EMIS300290010",157,85,72,2,0,0,0,1,1,0,0,0,5,4,0,0,0,0,"No sense.","n/a","betn_100_499","betn_100_499"
"EMIS300290019",38,16,22,NA,0,0,0,1,0,0,0,0,2,0,0,0,0,NA,"Leg problem","n/a","betn_20_49","betn_20_49"
"EMIS300290011",255,118,137,0,0,0,0,0,0,0,0,0,3,6,0,0,0,0,"n/a","n/a","betn_100_499","betn_100_499"
"EMIS300290014",601,267,334,0,0,0,0,0,0,0,0,0,2,20,0,0,0,0,"n/a","n/a","betn_500_999","betn_500_999"
"EMIS300290004",64,28,36,0,0,0,0,0,0,0,0,0,3,1,0,0,0,0,"n/a","n/a","betn_50_99","betn_50_99"
"EMIS300100008",493,234,261,0,0,0,0,0,0,0,0,0,3,15,0,0,0,NA,"n/a","n/a","betn_100_499","betn_100_499"
"EMIS300100005",31,14,17,0,0,0,0,0,NA,NA,NA,NA,3,1,0,0,0,NA,"n/a","n/a","n/a","betn_20_49"
"EMIS300100007",380,183,197,0,0,0,0,0,NA,NA,NA,NA,7,9,0,0,0,0,"n/a","n/a","betn_100_499","betn_100_499"
"EMIS300100001",21,9,12,0,0,0,0,NA,0,0,0,NA,2,1,0,0,0,0,"n/a","n/a","less_than_20","betn_20_49"
"EMIS300100003",101,52,49,1,0,0,0,1,1,0,0,0,3,2,0,0,0,0,"Speaking problem.","n/a","n/a","betn_100_499"
"EMIS300100009",27,15,12,0,0,0,0,0,0,0,0,0,3,1,0,0,0,0,"n/a","n/a","betn_20_49","betn_20_49"
"EMIS300400004",72,35,37,1,0,0,0,1,0,0,0,0,5,0,0,0,0,0,"Mental problem","n/a","n/a","betn_50_99"
"EMIS300400003",365,162,203,5,1,1,1,0,0,0,1,1,3,12,0,0,0,0,"n/a","Mental problem","n/a","betn_100_499"
"EMIS300400010",86,45,41,0,0,0,0,0,0,0,0,0,4,1,0,0,0,0,"n/a","n/a","n/a","betn_50_99"
"EMIS300400005",24,10,14,0,0,0,0,0,0,0,0,0,1,1,0,0,0,0,"n/a","n/a","n/a","betn_20_49"
"EMIS300400008",102,45,57,5,2,0,0,0,3,0,0,0,3,3,0,0,0,0,"n/a","n/a","betn_100_499","betn_100_499"
"EMIS300400002",439,196,243,0,0,0,0,0,0,0,0,0,6,12,0,0,0,0,"n/a","n/a","n/a","betn_100_499"
"EMIS300400006",65,27,38,2,0,0,0,1,1,0,0,0,4,2,0,0,0,0,"Confusion type","n/a","n/a","betn_50_99"
"EMIS300500005",138,66,72,3,0,0,0,0,1,0,0,2,5,4,0,0,0,0,"n/a","Mental","n/a","betn_100_499"
"EMIS30050H120",611,273,338,0,0,0,0,0,0,0,0,0,1,9,0,0,0,0,"n/a","n/a","betn_500_999","betn_500_999"
"EMIS300500006",642,300,342,0,0,0,0,0,0,0,0,0,9,18,0,0,0,0,"n/a","n/a","n/a","betn_500_999"
"EMIS300500004",169,80,89,2,NA,NA,2,NA,NA,NA,NA,NA,8,4,NA,NA,NA,NA,"n/a","n/a","n/a","betn_100_499"
"EMIS300500003",43,13,30,0,0,0,0,0,0,0,0,0,2,3,0,0,0,0,"n/a","n/a","n/a","betn_20_49"
"EMIS300500001",36,14,22,0,0,0,0,0,0,0,0,0,1,2,0,0,0,0,"n/a","n/a","n/a","betn_20_49"
"EMIS300150009",32,18,14,0,0,0,0,0,0,0,0,0,3,1,0,0,0,0,"n/a","n/a","betn_20_49","betn_20_49"
"EMIS300150010",200,NA,NA,0,0,0,0,0,0,0,0,0,5,3,0,0,0,0,"n/a","n/a","n/a","betn_100_499"
"EMIS300150004",38,NA,NA,0,0,0,0,0,0,0,0,0,2,1,0,0,0,0,"n/a","n/a","n/a","betn_20_49"
"EMIS300150008",42,NA,NA,0,0,0,0,NA,0,0,0,0,2,1,0,0,0,0,"n/a","n/a","n/a","betn_20_49"
"EMIS300150011",155,75,80,0,0,0,0,0,0,0,0,0,4,5,0,0,0,0,"n/a","n/a","n/a","betn_100_499"
"EMIS300150012",635,297,338,0,0,0,0,0,0,0,0,0,3,16,0,0,0,0,"n/a","n/a","n/a","betn_500_999"
"EMIS300090001",7,4,3,0,0,0,0,0,0,0,0,0,3,NA,0,0,0,0,"n/a","n/a","n/a","less_than_20"
"EMIS300090007",467,218,249,1,1,0,0,0,0,0,0,0,4,15,0,0,0,0,"n/a","n/a","n/a","betn_100_499"
"EMIS300090008",70,34,36,0,0,0,0,0,0,0,0,0,2,2,0,0,0,0,"n/a","n/a","n/a","betn_50_99"
"EMIS300400009",12,7,5,0,0,0,0,0,0,0,0,0,0,0,0,0,0,0,"n/a","n/a","n/a","less_than_20"
"EMIS300170008",78,41,37,1,0,0,1,0,0,0,0,0,2,3,0,0,0,0,"n/a","n/a","n/a","betn_50_99"
"EMIS300170009",23,9,14,0,0,0,0,0,0,0,0,0,4,1,0,0,0,0,"n/a","n/a","n/a","betn_20_49"
"EMIS300170005",160,NA,NA,0,0,0,0,0,0,0,0,0,5,4,0,0,0,0,"n/a","n/a","n/a","betn_100_499"
"EMIS300170007",38,NA,NA,NA,NA,NA,NA,NA,NA,NA,NA,NA,1,1,NA,NA,NA,NA,"n/a","n/a","n/a","betn_20_49"
"EMIS300170001",370,NA,NA,NA,NA,NA,NA,NA,NA,NA,NA,NA,5,7,NA,NA,NA,NA,"n/a","n/a","n/a","betn_100_499"
"EMIS300430006",37,16,21,0,0,0,0,0,0,0,0,0,1,2,0,0,0,0,"n/a","n/a","n/a","betn_20_49"
"EMIS300090005",54,27,27,1,1,0,0,0,0,0,0,0,4,1,0,0,0,0,"n/a","n/a","n/a","betn_50_99"
"EMIS300430002",35,14,21,0,0,0,0,0,0,0,0,0,2,NA,0,0,0,0,"n/a","n/a","n/a","betn_20_49"
"EMIS300430007",59,29,30,NA,NA,NA,NA,NA,NA,NA,NA,NA,2,3,NA,NA,NA,NA,"n/a","n/a","n/a","betn_50_99"
"EMIS300500002",NA,NA,NA,NA,NA,NA,NA,NA,NA,NA,NA,NA,2,1,NA,NA,NA,NA,"n/a","n/a","betn_50_99",NA
"EMIS300150002",58,24,34,1,NA,NA,NA,NA,1,NA,NA,NA,4,NA,NA,NA,NA,NA,"n/a","n/a","n/a","betn_50_99"
"EMIS300150003",28,16,12,1,0,0,0,0,1,0,0,0,2,0,0,0,0,0,"n/a","n/a","n/a","betn_20_49"
"EMIS300150007",65,30,35,2,1,0,0,0,1,0,0,0,5,0,0,0,0,0,"n/a","n/a","n/a","betn_50_99"
"EMIS300150005",41,NA,NA,0,0,0,0,0,0,0,0,0,4,0,0,0,0,0,"n/a","n/a","n/a","betn_20_49"
"EMIS300150001",22,12,10,0,0,0,0,0,0,0,0,0,1,2,0,0,0,0,"n/a","n/a","n/a","betn_20_49"
"EMIS300150006",71,31,40,NA,NA,NA,NA,NA,NA,NA,NA,NA,4,2,1,NA,NA,NA,"n/a","n/a","n/a","betn_50_99"
"EMIS300090004",59,29,30,1,0,0,0,0,1,0,0,0,2,2,0,0,0,0,"n/a","n/a","n/a","betn_50_99"
"EMIS300090003",55,20,35,0,0,0,0,0,0,0,0,0,2,2,0,0,0,0,"n/a","n/a","n/a","betn_50_99"
"EMIS300090002",496,260,236,4,NA,1,NA,NA,3,NA,NA,NA,6,9,NA,NA,NA,NA,"n/a","n/a","n/a","betn_100_499"
"EMIS300090009",72,25,47,0,0,0,0,0,0,0,0,0,2,2,0,0,0,0,"n/a","n/a","n/a","betn_50_99"
"EMIS300090006",205,79,126,13,3,0,0,0,10,0,0,0,6,3,0,0,0,0,"n/a","n/a","n/a","betn_100_499"
"EMIS300170004",48,25,23,0,0,0,0,0,0,0,0,0,1,3,0,0,0,0,"n/a","n/a","n/a","betn_20_49"
"EMIS300170006",500,NA,NA,9,5,0,0,0,4,0,0,0,6,6,0,0,0,0,"n/a","n/a","n/a","betn_500_999"
"EMIS300170003",68,42,26,NA,NA,NA,NA,NA,NA,NA,NA,NA,NA,3,NA,NA,NA,NA,"n/a","n/a","n/a","betn_50_99"
"EMIS300170002",65,40,25,0,0,0,0,0,0,0,0,0,1,2,0,0,0,0,"n/a","n/a","n/a","betn_50_99"
"EMIS300170010",96,35,61,NA,NA,NA,NA,NA,NA,NA,NA,NA,4,1,NA,NA,NA,NA,"n/a","n/a","n/a","betn_50_99"
"EMIS300430001",683,316,367,5,3,1,NA,NA,NA,1,NA,NA,6,14,NA,NA,NA,NA,"n/a","n/a","n/a","betn_500_999"
"EMIS300430004",123,62,61,NA,NA,NA,NA,NA,NA,NA,NA,NA,2,2,NA,NA,NA,NA,"n/a","n/a","n/a","betn_100_499"
"EMIS300430003",9,4,5,0,0,0,0,0,0,0,0,0,2,1,0,0,0,0,"n/a","n/a","n/a","less_than_20"
"EMIS300430009",11,7,4,0,0,0,0,0,0,0,0,0,1,0,0,0,0,0,"n/a","n/a","n/a","less_than_20"
"EMIS300430005",120,54,66,0,0,0,0,0,0,0,0,0,6,0,0,0,0,0,"n/a","n/a","n/a","betn_100_499"
"EMIS300010002",370,154,216,0,0,0,0,0,0,0,0,0,3,15,0,0,0,0,"n/a","n/a","n/a","betn_100_499"
"EMIS300410001",162,76,86,2,0,0,2,0,0,0,0,0,5,5,0,0,0,0,"n/a","n/a","n/a","betn_100_499"
"EMIS300410009",605,241,364,NA,0,0,0,0,0,0,0,0,7,17,0,0,0,0,"n/a","n/a","n/a","betn_500_999"
"EMIS30041H118",92,12,80,0,0,0,0,0,0,0,0,0,3,10,0,0,0,0,"n/a","n/a","n/a","betn_50_99"
"EMIS300410002",161,71,90,0,0,0,0,0,0,0,0,0,3,3,0,0,0,0,"n/a","n/a","n/a","betn_100_499"
"EMIS300410010",17,10,7,1,0,0,1,0,0,0,0,0,1,0,0,0,0,0,"n/a","n/a","n/a","less_than_20"
"EMIS300410006",279,125,154,0,0,0,0,0,0,0,0,0,6,3,0,0,0,0,"n/a","n/a","n/a","betn_100_499"
"EMIS300410005",59,30,29,0,0,0,0,0,0,0,0,0,4,1,0,0,0,0,"n/a","n/a","n/a","betn_50_99"
"EMIS300410007",496,241,255,1,0,0,0,1,0,0,0,0,5,17,0,0,0,0,"Slow minded","n/a","n/a","betn_100_499"
"EMIS300410004",105,41,64,0,0,0,0,0,0,0,0,0,4,2,0,0,0,0,"n/a","n/a","n/a","betn_100_499"
"EMIS300410003",255,127,128,0,0,0,0,0,0,0,0,0,7,6,0,0,0,0,"n/a","n/a","n/a","betn_100_499"
"EMIS300410008",141,66,75,0,0,0,0,0,0,0,0,0,4,4,0,0,0,0,"n/a","n/a","n/a","betn_100_499"
"EMIS300010007",26,15,11,0,0,0,0,0,0,0,0,0,2,2,0,0,0,0,"n/a","n/a","betn_50_99","betn_20_49"
"EMIS300010003",362,171,191,0,0,0,0,0,0,0,0,0,4,13,0,0,0,0,"n/a","n/a","n/a","betn_100_499"
"EMIS300010005",225,117,108,4,0,0,2,0,1,0,1,0,6,8,0,0,0,0,"n/a","n/a","n/a","betn_100_499"
"EMIS300010008",16,9,7,0,0,0,0,0,0,0,0,0,3,0,0,0,0,0,"n/a","n/a","n/a","less_than_20"
"EMIS300010004",43,26,17,0,0,0,0,0,0,0,0,0,4,1,0,0,0,0,"n/a","n/a","n/a","betn_20_49"
"EMIS300010006",42,19,23,1,0,0,1,0,0,0,0,0,3,1,0,0,0,0,"n/a","n/a","n/a","betn_20_49"
"EMIS300360004",21,16,5,0,0,0,0,0,0,0,0,0,3,0,0,0,0,0,"n/a","n/a","n/a","betn_20_49"
"EMIS300360010",57,28,29,0,0,0,0,0,0,0,0,0,4,1,0,0,0,0,"n/a","n/a","n/a","betn_50_99"
"EMIS300360001",15,8,7,1,0,0,0,0,1,0,0,0,2,1,0,0,0,0,"n/a","n/a","n/a","less_than_20"
"EMIS300360012",42,14,28,0,0,0,0,0,0,0,0,0,4,0,0,0,0,0,"n/a","n/a","n/a","betn_20_49"
"EMIS300360003",687,304,383,4,1,0,2,0,0,1,0,0,7,17,0,0,0,0,"n/a","n/a","n/a","betn_500_999"
"EMIS300360005",35,18,17,0,0,0,0,0,0,0,0,0,1,2,0,0,0,0,"n/a","n/a","n/a","betn_20_49"
"EMIS300360007",51,25,26,NA,NA,NA,NA,NA,NA,NA,NA,NA,2,2,NA,NA,NA,NA,"n/a","n/a","n/a","betn_50_99"
"EMIS300360008",63,31,32,0,0,0,0,0,0,0,0,0,2,2,0,0,0,0,"n/a","n/a","n/a","betn_50_99"
"EMIS300360011",36,21,15,0,0,0,0,0,0,0,0,0,2,1,0,0,0,0,"n/a","n/a","n/a","betn_20_49"
"EMIS300360002",119,63,56,0,0,0,0,0,0,0,0,0,5,4,0,0,0,0,"n/a","n/a","n/a","betn_100_499"
"EMIS300360009",88,38,50,0,0,0,0,0,0,0,0,0,4,1,0,0,0,0,"n/a","n/a","n/a","betn_50_99"
"EMIS300360006",59,24,35,0,0,0,0,0,0,0,0,0,3,2,0,0,0,0,"n/a","n/a","n/a","betn_50_99"
"EMIS300030005",59,32,27,0,0,0,0,0,0,0,0,0,2,1,0,0,0,0,"n/a","n/a","n/a","betn_50_99"
"EMIS300030006",263,126,137,0,0,0,0,0,0,0,0,0,8,6,0,0,0,0,"n/a","n/a","n/a","betn_100_499"
"EMIS300030008",18,11,7,0,0,0,0,0,0,0,0,0,2,0,0,0,0,0,"n/a","n/a","n/a","less_than_20"
"EMIS300030009",68,31,37,0,0,0,0,0,0,0,0,0,1,2,0,0,0,0,"n/a","n/a","n/a","betn_50_99"
"EMIS300030003",319,150,169,0,0,0,0,0,0,0,0,0,3,14,0,0,0,0,"n/a","n/a","n/a","betn_100_499"
"EMIS300030001",31,18,13,0,0,0,0,0,0,0,0,0,2,1,0,0,0,0,"n/a","n/a","n/a","betn_20_49"
"EMIS300030004",260,128,132,0,0,0,0,0,0,0,0,0,6,8,0,0,0,0,"n/a","n/a","n/a","betn_100_499"
"EMIS300030007",48,24,24,0,0,0,0,0,0,0,0,0,3,1,0,0,0,0,"n/a","n/a","n/a","betn_20_49"
"EMIS300030002",18,7,11,0,0,0,0,0,0,0,0,0,2,0,0,0,0,0,"n/a","n/a","n/a","less_than_20"
"EMIS300060005",186,83,103,2,1,1,0,0,0,0,0,0,2,7,0,0,0,0,"n/a","n/a","n/a","betn_100_499"
"EMIS300060009",16,7,9,0,0,0,0,0,0,0,0,0,1,0,0,0,0,0,"n/a","n/a","n/a","less_than_20"
"EMIS300060007",449,176,273,1,0,0,0,0,1,0,0,0,3,18,0,0,0,0,"n/a","n/a","n/a","betn_100_499"
"EMIS300060003",62,30,32,0,0,0,0,0,0,0,0,0,1,3,0,0,0,0,"n/a","n/a","n/a","betn_50_99"
"EMIS300060006",86,43,43,0,0,0,0,0,0,0,0,0,2,2,0,0,0,0,"n/a","n/a","n/a","betn_50_99"
"EMIS300060004",119,43,76,0,0,0,0,0,0,0,0,0,2,5,0,0,0,0,"n/a","n/a","n/a","betn_100_499"
"EMIS300060001",37,18,19,0,0,0,0,0,0,0,0,0,2,2,0,0,0,0,"n/a","n/a","n/a","betn_20_49"
"EMIS300310002",263,128,135,5,1,0,0,2,0,0,0,2,5,5,0,0,0,0,"Slow minded","Slow minded","n/a","betn_100_499"
"EMIS300310006",23,15,8,0,0,0,0,0,0,0,0,0,2,0,0,0,0,0,"n/a","n/a","n/a","betn_20_49"
"EMIS300310007",264,132,132,0,0,0,0,0,0,0,0,0,4,9,0,0,0,0,"n/a","n/a","n/a","betn_100_499"
"EMIS300310003",20,10,10,0,0,0,0,0,0,0,0,0,1,2,0,0,0,0,"n/a","n/a","n/a","betn_20_49"
"EMIS300310009",10,4,6,0,0,0,0,0,0,0,0,0,1,0,0,0,0,0,"n/a","n/a","n/a","less_than_20"
"EMIS300310004",348,186,162,3,0,0,1,1,0,0,1,0,2,17,0,0,0,0,"Slow minded","n/a","n/a","betn_100_499"
"EMIS300310001",15,7,8,0,0,0,0,0,0,0,0,0,1,1,0,0,0,0,"n/a","n/a","n/a","less_than_20"
"EMIS300310005",12,8,4,0,0,0,0,0,0,0,0,0,1,0,0,0,0,0,"n/a","n/a","n/a","less_than_20"
"EMIS300440002",68,27,41,1,1,0,0,0,0,0,0,0,4,2,0,0,0,0,"n/a","n/a","n/a","betn_50_99"
"EMIS300440001",48,21,27,0,0,0,0,0,0,0,0,0,3,0,0,0,0,0,"n/a","n/a","n/a","betn_20_49"
"EMIS300440003",62,27,35,1,1,0,0,0,0,0,0,0,6,NA,NA,NA,NA,NA,"n/a","n/a","n/a","betn_50_99"
"EMIS300340011",49,19,30,5,NA,NA,3,NA,NA,NA,2,NA,0,2,NA,NA,NA,NA,"The pupils seems to have problem listening and understanding.","n/a","n/a","betn_20_49"
"EMIS300340016",64,27,37,0,NA,NA,NA,NA,NA,NA,NA,NA,3,1,NA,NA,NA,NA,"None","None","n/a","betn_50_99"
"EMIS300340010",70,39,31,NA,NA,NA,NA,NA,NA,NA,NA,NA,5,0,NA,NA,NA,NA,"None","None","n/a","betn_50_99"
"EMIS300340008",221,96,125,NA,0,0,0,NA,0,0,0,NA,4,5,0,0,0,NA,"n/a","n/a","n/a","betn_100_499"
"EMIS300340012",146,70,76,0,0,0,0,0,0,0,0,0,8,3,0,0,0,0,"None","None","betn_100_499","betn_100_499"
"EMIS300340005",42,22,20,NA,NA,NA,NA,NA,NA,NA,NA,NA,1,1,NA,NA,NA,NA,"None","None","n/a","betn_20_49"
"EMIS300340013",37,20,17,NA,NA,NA,NA,NA,NA,NA,NA,NA,1,2,NA,NA,NA,NA,"None","None","n/a","betn_20_49"
"EMIS300340003",62,34,28,0,NA,NA,NA,NA,0,0,0,0,2,2,0,0,0,0,"None","None","n/a","betn_50_99"
"EMIS300340014",62,29,33,NA,NA,NA,NA,NA,NA,NA,NA,NA,2,2,NA,NA,NA,NA,"None","None","n/a","betn_50_99"
"EMIS300340007",56,24,32,NA,NA,NA,NA,NA,NA,NA,NA,NA,2,2,NA,NA,NA,NA,"None","None","n/a","betn_50_99"
"EMIS300340004",200,84,116,NA,NA,NA,NA,NA,NA,NA,NA,NA,6,1,NA,NA,NA,NA,"None","None","n/a","betn_100_499"
"EMIS300340009",60,30,30,NA,NA,NA,NA,NA,NA,NA,NA,NA,1,3,NA,NA,NA,NA,"None","None","n/a","betn_50_99"
"EMIS300340015",655,314,341,0,0,0,0,0,0,0,0,0,7,15,0,0,0,0,"None","None","n/a","betn_500_999"
"EMIS30034H021",0,0,0,0,0,0,0,0,0,0,0,0,1,10,0,0,0,0,"Construction in progress","0","n/a","less_than_20"
"EMIS300340021",33,16,17,NA,NA,NA,NA,NA,NA,NA,NA,NA,3,0,NA,NA,NA,NA,"No girl students with difficulty are studying in this school","No boys in this school with special needs","n/a","betn_20_49"
"EMIS300340001",101,53,48,NA,NA,NA,NA,NA,NA,NA,NA,NA,5,1,NA,NA,NA,NA,"No girls with special need attend the school","No boys with special need attend the school","n/a","betn_100_499"
"EMIS300340002",259,117,142,0,NA,NA,NA,NA,NA,NA,NA,NA,5,8,NA,NA,NA,NA,"No girls with special need attend this school","No boys with special need attend this school","n/a","betn_100_499"
"EMIS300480009",89,44,45,0,NA,NA,NA,NA,NA,NA,NA,NA,1,2,NA,NA,NA,NA,"None students with special needs attend the school.","None students with such disability attend the school","n/a","betn_50_99"
"EMIS300480003",70,32,38,0,0,0,0,0,0,0,0,0,2,2,0,0,0,0,"0","0","n/a","betn_50_99"
"EMIS300340006",26,14,12,0,0,0,0,0,0,0,0,0,2,NA,0,0,0,0,"0","0","n/a","betn_20_49"
"EMIS300480006",130,61,69,0,0,0,0,0,0,0,0,0,1,5,0,0,0,0,"No students with special needs come to school here.","No such students","n/a","betn_100_499"
"EMIS300480005",79,39,40,0,0,0,0,0,0,0,0,0,3,2,0,0,0,0,"No such students","No such students.","n/a","betn_50_99"
"EMIS300480007",82,35,47,0,0,0,0,0,0,0,0,0,2,3,0,0,0,0,"0","No such students","n/a","betn_50_99"
"EMIS300480004",650,266,384,2,0,0,0,0,NA,NA,NA,2,7,13,0,0,0,0,"None","One is physically weak and other is mentally ill","n/a","betn_500_999"
"EMIS300480001",1145,565,580,28,0,16,0,0,NA,12,NA,NA,19,14,NA,1,NA,NA,"All are blind students.","All are blind students.","n/a","greater_than_1000"
"EMIS300480010",432,215,217,0,0,0,0,0,0,0,0,0,4,11,0,0,0,0,"None","None","n/a","betn_100_499"
"EMIS300480008",76,38,40,0,0,0,0,0,NA,NA,NA,NA,3,2,0,0,0,0,"None","n/a","n/a","betn_50_99"
"EMIS300440004",150,65,85,NA,NA,NA,NA,NA,NA,NA,NA,NA,5,5,NA,NA,NA,NA,"n/a","n/a","betn_100_499","betn_100_499"
"EMIS300440006",321,150,171,0,0,0,0,0,0,0,0,0,10,8,1,0,0,-1,"0","n/a","n/a","betn_100_499"
"EMIS300440005",64,37,27,0,0,0,0,0,0,0,0,0,4,1,0,0,0,0,"n/a","n/a","n/a","betn_50_99"
"EMIS300210012",15,4,11,1,0,1,0,0,0,0,0,0,2,0,0,0,0,0,"n/a","n/a","n/a","less_than_20"
"EMIS300210007",69,30,39,1,0,0,0,0,1,0,0,0,2,3,NA,NA,NA,NA,"n/a","n/a","n/a","betn_50_99"
"EMIS300210005",90,35,55,0,0,0,0,0,0,0,0,0,3,5,0,0,0,0,"n/a","n/a","n/a","betn_50_99"
"EMIS300210011",475,200,275,1,1,0,0,0,0,0,0,-1,8,11,NA,NA,NA,NA,"n/a","n/a","n/a","betn_100_499"
"EMIS300210001",47,17,30,0,NA,NA,NA,NA,NA,NA,NA,NA,3,1,NA,NA,NA,NA,"n/a","n/a","n/a","betn_20_49"
"EMIS300210003",64,27,37,1,0,0,0,0,1,0,0,0,3,4,0,0,0,0,"n/a","n/a","n/a","betn_50_99"
"EMIS300210006",122,55,67,1,0,0,0,0,0,0,0,1,5,4,0,0,0,0,"n/a","Langado","n/a","betn_100_499"
"EMIS300210002",20,8,12,0,0,0,0,0,0,0,0,0,2,1,0,0,0,0,"n/a","n/a","n/a","betn_20_49"
"EMIS300210009",9,4,5,0,0,0,0,0,0,0,0,NA,NA,1,0,0,0,NA,"n/a","n/a","n/a","less_than_20"
"EMIS300210010",7,5,2,0,NA,NA,NA,NA,NA,NA,NA,NA,2,0,NA,NA,NA,NA,"n/a","n/a","n/a","less_than_20"
"EMIS300300013",50,22,28,1,NA,NA,NA,1,NA,NA,NA,NA,3,0,NA,NA,NA,NA,"Sustamanasthiti","n/a","n/a","betn_50_99"
"EMIS300300010",11,4,7,0,0,0,0,0,0,0,0,0,1,0,0,0,0,0,"n/a","n/a","n/a","less_than_20"
"EMIS300300006",297,127,170,1,0,0,0,0,1,0,0,0,6,7,0,0,0,0,"n/a","n/a","n/a","betn_100_499"
"EMIS300300005",21,10,11,0,0,0,0,0,0,0,0,0,1,1,0,0,0,0,"n/a","n/a","n/a","betn_20_49"
"EMIS300300001",188,92,96,0,0,0,0,NA,0,0,0,0,8,3,NA,NA,NA,NA,"n/a","n/a","n/a","betn_100_499"
"EMIS300300009",17,8,9,0,0,0,0,0,0,0,0,0,2,0,0,0,0,0,"n/a","n/a","n/a","less_than_20"
"EMIS300300002",22,12,10,NA,NA,NA,NA,NA,NA,NA,NA,NA,4,NA,1,NA,NA,NA,"n/a","n/a","n/a","betn_20_49"
"EMIS300300008",37,20,17,0,0,0,0,0,0,0,0,0,4,NA,NA,NA,NA,NA,"n/a","n/a","n/a","betn_20_49"
"EMIS300300007",609,259,350,3,NA,NA,NA,NA,1,1,NA,1,5,15,NA,NA,NA,NA,"n/a","n/a","n/a","betn_500_999"
"EMIS300300004",5,2,3,0,0,0,0,0,0,0,0,0,1,0,0,0,0,0,"n/a","n/a","n/a","less_than_20"
"EMIS300300003",90,43,47,NA,NA,NA,NA,NA,NA,NA,NA,NA,5,2,NA,NA,NA,NA,"n/a","n/a","n/a","betn_50_99"
"EMIS300210014",18,8,10,NA,NA,NA,NA,NA,NA,NA,NA,NA,1,NA,NA,NA,NA,NA,"n/a","n/a","n/a","less_than_20"
"EMIS300210008",351,176,175,4,NA,NA,NA,NA,NA,2,2,NA,7,9,NA,NA,NA,NA,"n/a","n/a","n/a","betn_100_499"
"EMIS300210004",93,47,46,0,0,0,0,0,NA,NA,NA,1,5,1,0,0,0,0,"n/a","n/a","n/a","betn_50_99"
"EMIS300480002",380,171,209,3,1,NA,NA,2,NA,NA,NA,NA,3,9,0,NA,NA,NA,"2 of them have difficulty with understanding.","None boys come under special needs","n/a","betn_100_499"
"EMIS300450004",53,20,33,0,0,0,0,0,0,0,0,0,2,1,0,0,0,0,"No disabled students.","No disable students.","n/a","betn_50_99"
"EMIS300450005",405,180,225,1,0,0,0,0,1,0,0,0,4,14,0,0,0,0,"n/a","n/a","n/a","betn_100_499"
"EMIS300450002",415,165,250,7,2,1,0,0,4,0,0,0,5,7,0,0,0,0,"n/a","n/a","n/a","betn_100_499"
"EMIS300380009",110,39,71,1,0,0,0,1,0,0,0,0,2,2,0,0,0,NA,"Speaking","n/a","n/a","betn_100_499"
"EMIS300450003",145,65,80,0,0,0,0,0,0,0,0,0,3,2,0,0,0,0,"No disable students.","No disable students.","n/a","betn_100_499"
"EMIS300380012",350,150,200,1,0,0,0,0,0,1,0,0,3,13,0,0,0,NA,"n/a","n/a","n/a","betn_100_499"
"EMIS300450006",65,25,40,NA,0,0,0,0,0,0,0,0,1,2,0,0,0,0,"No disable students.","No disable students.","n/a","betn_50_99"
"EMIS300490002",65,30,35,0,0,0,0,0,0,0,0,0,3,1,0,0,0,0,"n/a","No students with disability.","n/a","betn_50_99"
"EMIS300490001",210,95,115,0,0,0,0,0,0,0,0,0,2,10,0,0,0,NA,"n/a","n/a","n/a","betn_100_499"
"EMIS300490005",40,15,25,0,0,0,0,0,0,0,0,0,0,2,0,0,0,0,"No disable students.","No disable students.","n/a","betn_20_49"
"EMIS300270002",148,88,60,2,1,0,0,0,0,0,1,0,1,9,0,0,0,0,"n/a","n/a","n/a","betn_100_499"
"EMIS300270003",95,40,55,0,0,0,0,0,0,0,0,0,1,1,0,0,0,0,"No students with disability.","No students with disability.","n/a","betn_50_99"
"EMIS300490003",72,32,40,0,0,0,0,0,0,0,0,0,1,2,0,0,0,0,"No disable students.","No disable students.","n/a","betn_50_99"
"EMIS300490004",90,40,50,0,0,0,0,0,0,0,0,0,2,3,0,0,0,0,"No disable students.","No disable students.","n/a","betn_50_99"
"EMIS300450001",130,70,60,2,0,0,1,0,1,0,0,0,1,4,0,0,0,0,"n/a","n/a","n/a","betn_100_499"
"EMIS300270010",45,20,25,0,0,0,0,NA,0,0,0,NA,2,0,0,0,0,NA,"No disable students .","No disable students.","n/a","betn_20_49"
"EMIS300270006",70,36,34,2,1,0,0,0,1,0,0,0,1,2,0,0,0,NA,"n/a","n/a","n/a","betn_50_99"
"EMIS300270009",48,21,27,0,0,0,0,0,0,0,0,0,0,2,0,0,0,NA,"No students with disability.","No students with disability.","n/a","betn_20_49"
"EMIS300380003",40,17,23,2,1,0,0,0,1,0,0,0,2,1,0,0,0,NA,"n/a","n/a","n/a","betn_20_49"
"EMIS300380008",210,90,120,3,0,0,0,NA,2,1,0,0,1,5,0,0,0,NA,"n/a","n/a","n/a","betn_100_499"
"EMIS300380004",23,11,12,0,0,0,0,0,0,0,0,0,2,0,0,0,0,0,"n/a","n/a","n/a","betn_20_49"
"EMIS300380011",420,179,241,4,0,0,0,1,0,1,0,2,3,11,0,0,0,NA,"Mental state abnormal.","Difficulty in speaking.","n/a","betn_100_499"
"EMIS300380001",65,30,35,0,0,0,0,0,0,0,0,0,2,3,0,0,0,0,"n/a","n/a","n/a","betn_50_99"
"EMIS300380007",108,46,62,1,0,0,0,0,0,1,0,0,2,4,0,0,0,NA,"n/a","n/a","n/a","betn_100_499"
"EMIS300270007",65,30,35,3,0,0,1,0,2,0,0,0,2,1,0,0,0,0,"n/a","n/a","n/a","betn_50_99"
"EMIS300270008",25,10,15,1,0,0,0,1,0,0,0,NA,1,1,0,0,0,0,"Mentally ill.","n/a","n/a","betn_20_49"
"EMIS300270005",210,80,130,4,0,1,0,0,2,1,0,0,4,5,0,0,0,0,"n/a","n/a","n/a","betn_100_499"
"EMIS300270004",115,50,65,12,2,2,1,2,2,1,2,0,3,2,0,0,0,0,"Mental state.","n/a","n/a","betn_100_499"
"EMIS300270001",630,180,450,8,2,0,3,0,2,0,1,0,6,10,0,0,0,0,"n/a","n/a","n/a","betn_500_999"
"EMIS300380010",135,65,70,0,0,0,0,NA,0,0,0,NA,1,5,0,0,0,NA,"No students with disability.","No students with disability.","n/a","betn_100_499"
"EMIS300380002",135,60,75,0,0,0,0,NA,0,8,0,NA,3,1,NA,NA,NA,NA,"No students with disability.","No students with disability.","n/a","betn_100_499"
"EMIS300380006",61,38,23,1,0,0,0,1,0,0,0,0,4,1,0,0,0,0,"Difficulty in speaking.","n/a","n/a","betn_50_99"
"EMIS300380005",67,32,35,1,0,0,0,0,0,0,0,1,1,4,0,0,0,NA,"n/a","Difficulty in speaking.","n/a","betn_50_99"
"EMIS300260002",10,6,4,0,0,0,0,0,0,0,0,0,1,1,0,0,0,0,"n/a","n/a","n/a","less_than_20"
"EMIS300260017",556,285,271,0,0,0,0,0,0,0,0,0,5,9,0,0,0,0,"n/a","n/a","n/a","betn_500_999"
"EMIS300260001",84,39,45,0,0,0,0,0,0,0,0,0,3,2,0,0,0,0,"n/a","n/a","n/a","betn_50_99"
"EMIS300260003",144,62,82,0,0,0,0,0,0,0,0,0,2,4,0,0,0,0,"n/a","n/a","n/a","betn_100_499"
"EMIS300260008",100,45,55,0,0,0,0,0,0,0,0,0,3,4,0,0,0,0,"n/a","n/a","n/a","betn_100_499"
"EMIS300260022",25,15,10,0,0,0,0,0,0,0,0,0,1,0,0,0,0,0,"n/a","n/a","n/a","betn_20_49"
"EMIS300260023",14,4,10,0,0,0,0,0,0,0,0,0,1,0,0,0,0,0,"n/a","n/a","n/a","less_than_20"
"EMIS300260020",18,4,14,0,0,0,0,0,0,0,0,0,1,0,0,0,0,0,"0","n/a","n/a","less_than_20"
"EMIS300260005",221,101,120,2,0,0,0,1,0,1,0,0,3,5,0,0,0,NA,"Mentally Disable","n/a","n/a","betn_100_499"
"EMIS300260004",75,32,43,0,0,0,0,0,0,0,0,0,3,2,0,0,0,0,"n/a","n/a","n/a","betn_50_99"
"EMIS300260011",45,27,18,0,0,0,0,0,0,0,0,0,5,0,0,0,0,0,"n/a","n/a","n/a","betn_20_49"
"EMIS300260006",30,12,18,0,0,0,0,0,0,0,0,0,2,1,0,0,0,0,"n/a","n/a","n/a","betn_20_49"
"EMIS300260016",500,225,275,1,0,0,0,0,0,0,0,1,5,10,0,0,0,0,"n/a","Slow minded","n/a","betn_500_999"
"EMIS300260021",16,6,10,0,0,0,0,0,0,0,0,0,1,0,0,0,0,0,"n/a","n/a","n/a","less_than_20"
"EMIS300260010",50,19,31,0,0,0,0,0,0,0,0,0,2,1,0,0,0,0,"n/a","n/a","n/a","betn_50_99"
"EMIS300260007",39,18,21,0,0,0,0,0,0,0,0,0,1,3,0,0,0,0,"n/a","n/a","n/a","betn_20_49"
"EMIS300260015",39,21,18,0,0,0,0,0,0,0,0,0,2,1,0,0,0,0,"n/a","n/a","n/a","betn_20_49"
"EMIS300260019",200,80,120,2,1,0,0,0,1,0,0,0,5,3,0,0,0,0,"n/a","n/a","n/a","betn_100_499"
"EMIS300260013",50,22,28,0,0,0,0,0,0,0,0,0,2,2,0,0,0,0,"n/a","n/a","n/a","betn_50_99"
"EMIS300260012",17,10,7,0,0,0,0,0,0,0,0,0,1,1,0,0,0,0,"n/a","n/a","n/a","less_than_20"
"EMIS300260018",916,418,498,4,2,0,0,0,0,2,0,0,6,22,0,0,0,0,"n/a","n/a","n/a","betn_500_999"
"EMIS300470011",121,71,50,0,0,0,0,0,0,0,0,0,5,0,0,0,0,0,"n/a","n/a","n/a","betn_100_499"
"EMIS300470003",90,46,44,0,0,0,0,0,0,0,0,0,2,4,0,0,0,0,"n/a","n/a","n/a","betn_50_99"
"EMIS300470007",400,214,186,0,0,0,0,0,0,0,0,0,5,7,0,0,0,0,"n/a","n/a","n/a","betn_100_499"
"EMIS300470006",85,42,43,0,0,0,0,NA,0,0,0,0,2,3,0,0,0,0,"n/a","n/a","n/a","betn_50_99"
"EMIS300470002",67,40,27,0,0,0,0,0,0,0,0,0,2,2,0,0,0,0,"n/a","n/a","n/a","betn_50_99"
"EMIS300470001",60,28,32,0,0,0,0,0,0,0,0,0,1,2,0,0,0,0,"n/a","n/a","n/a","betn_50_99"
"EMIS300470005",173,79,94,0,0,0,0,0,0,0,0,0,3,3,0,0,0,0,"n/a","n/a","n/a","betn_100_499"
"EMIS300470010",174,78,96,0,0,0,0,0,0,0,0,0,4,3,0,0,0,0,"n/a","n/a","n/a","betn_100_499"
"EMIS300470009",370,210,160,0,0,0,0,0,0,0,0,0,3,12,0,0,0,0,"n/a","n/a","n/a","betn_100_499"
"EMIS300470004",159,82,77,0,0,0,0,0,0,0,0,0,3,3,0,0,0,0,"n/a","n/a","n/a","betn_100_499"
"EMIS300470008",404,178,226,0,0,0,0,0,0,0,0,0,6,7,0,0,0,0,"n/a","n/a","n/a","betn_100_499"
"EMIS300080005",72,26,46,1,NA,NA,NA,NA,1,NA,NA,NA,1,2,NA,NA,NA,NA,"n/a","n/a","n/a","betn_50_99"
"EMIS300080001",122,53,69,1,0,0,1,NA,0,0,0,NA,4,6,0,0,0,NA,"n/a","n/a","n/a","betn_100_499"
"EMIS300080003",150,66,84,NA,0,0,0,NA,0,0,0,NA,4,5,0,0,0,NA,"n/a","n/a","n/a","betn_100_499"
"EMIS300160014",161,77,84,1,1,0,0,NA,0,0,0,0,4,4,0,0,0,NA,"n/a","n/a","n/a","betn_100_499"
"EMIS300220003",370,170,200,5,NA,1,0,2,0,0,0,2,6,7,1,0,0,0,"Mental","Mental","n/a","betn_100_499"
"EMIS300220004",134,75,59,0,0,0,0,0,0,0,0,0,4,5,1,0,0,NA,"n/a","n/a","n/a","betn_100_499"
"EMIS300140003",200,90,110,2,0,0,1,0,NA,1,0,0,3,5,0,0,0,0,"n/a","n/a","n/a","betn_100_499"
"EMIS300080007",282,142,140,NA,0,0,0,NA,NA,NA,NA,NA,6,9,0,0,0,NA,"n/a","n/a","n/a","betn_100_499"
"EMIS300080010",73,35,38,0,NA,NA,NA,NA,NA,NA,NA,NA,4,2,NA,NA,NA,NA,"n/a","n/a","n/a","betn_50_99"
"EMIS300080004",23,7,16,0,NA,NA,NA,NA,NA,NA,NA,NA,2,1,NA,NA,NA,NA,"n/a","n/a","n/a","betn_20_49"
"EMIS300080002",164,82,82,2,1,NA,NA,NA,1,NA,NA,NA,5,5,NA,NA,NA,NA,"n/a","n/a","n/a","betn_100_499"
"EMIS300080006",36,15,21,0,NA,NA,NA,NA,NA,NA,NA,NA,3,3,NA,NA,NA,NA,"n/a","n/a","n/a","betn_20_49"
"EMIS300080009",350,145,205,1,NA,NA,NA,NA,1,NA,NA,NA,4,9,NA,NA,NA,NA,"n/a","n/a","n/a","betn_100_499"
"EMIS300080011",287,95,194,3,2,NA,NA,NA,1,NA,NA,NA,4,15,NA,NA,NA,NA,"n/a","n/a","n/a","betn_100_499"
"EMIS300160005",338,162,176,1,NA,1,NA,NA,NA,NA,NA,NA,4,9,NA,NA,NA,NA,"n/a","n/a","n/a","betn_100_499"
"EMIS300160006",169,83,86,0,NA,NA,NA,NA,NA,NA,NA,NA,3,6,NA,NA,NA,NA,"n/a","n/a","n/a","betn_100_499"
"EMIS300160009",60,28,32,0,NA,NA,NA,NA,NA,NA,NA,NA,2,2,NA,NA,NA,NA,"n/a","n/a","n/a","betn_50_99"
"EMIS30016H121",60,12,48,NA,NA,NA,NA,NA,NA,NA,NA,NA,1,11,NA,NA,NA,NA,"n/a","n/a","n/a","betn_50_99"
"EMIS300160001",215,88,127,NA,NA,NA,NA,NA,NA,NA,NA,NA,6,9,NA,NA,NA,NA,"n/a","n/a","n/a","betn_100_499"
"EMIS300160002",58,22,36,4,2,0,0,0,2,0,0,0,2,1,0,0,0,0,"n/a","n/a","n/a","betn_50_99"
"EMIS300160003",NA,NA,NA,NA,0,0,0,0,0,0,0,0,9,8,0,0,0,0,"n/a","n/a","betn_100_499",NA
"EMIS300160010",138,60,78,1,0,1,0,0,0,0,0,0,4,4,0,0,0,0,"n/a","n/a","n/a","betn_100_499"
"EMIS300160007",600,275,325,3,1,0,0,0,2,0,0,0,7,7,0,0,0,-3,"n/a","n/a","n/a","betn_500_999"
"EMIS300160012",65,33,32,0,0,0,0,0,0,0,0,0,2,2,0,0,0,0,"n/a","n/a","n/a","betn_50_99"
"EMIS300160008",170,83,87,0,0,0,0,0,0,0,0,0,2,6,0,0,0,0,"n/a","n/a","n/a","betn_100_499"
"EMIS300220005",636,282,354,0,0,0,0,0,0,0,0,0,3,18,0,0,0,0,"n/a","n/a","betn_500_999","betn_500_999"
"EMIS300220002",48,21,27,2,0,0,0,0,2,0,0,0,3,2,0,0,0,0,"n/a","n/a","n/a","betn_20_49"
"EMIS300140002",176,84,92,0,0,0,0,0,0,0,0,0,3,5,0,0,0,0,"n/a","n/a","n/a","betn_100_499"
"EMIS300140004",82,46,36,0,0,0,0,0,0,0,0,0,4,1,0,0,0,0,"n/a","n/a","n/a","betn_50_99"
"EMIS300140001",76,37,39,0,0,0,0,0,0,0,0,0,4,2,0,0,0,0,"n/a","n/a","n/a","betn_50_99"
"EMIS300220001",56,30,26,5,2,0,0,0,3,0,0,0,2,2,0,0,0,0,"n/a","n/a","n/a","betn_50_99"
"EMIS300140007",355,165,190,1,0,0,0,0,1,0,0,0,3,10,0,0,0,0,"n/a","n/a","n/a","betn_100_499"
"EMIS300140008",75,36,39,0,0,0,0,0,NA,NA,NA,NA,4,2,0,0,0,0,"n/a","n/a","n/a","betn_50_99"
"EMIS300140005",77,46,31,0,0,0,0,0,0,0,0,0,3,3,0,0,0,0,"n/a","n/a","n/a","betn_50_99"
"EMIS300140006",NA,NA,NA,0,0,0,0,NA,0,0,0,0,1,1,0,0,0,0,"n/a","n/a","betn_50_99",NA
"EMIS300390003",83,38,45,0,0,0,0,0,0,0,0,0,5,1,0,0,0,0,"n/a","n/a","n/a","betn_50_99"
"EMIS300330008",375,185,190,2,1,0,1,0,0,0,0,0,4,10,0,0,0,0,"0","0","n/a","betn_100_499"
"EMIS300330010",42,15,27,0,0,0,0,0,0,0,0,0,2,1,0,0,0,0,"0","0","n/a","betn_20_49"
"EMIS300070002",52,22,30,0,0,0,0,0,0,0,0,0,1,3,0,0,0,0,"n/a","n/a","betn_50_99","betn_50_99"
"EMIS300230008",81,39,42,0,0,0,0,0,0,0,0,1,3,4,0,0,0,0,"n/a","Mental disorder","n/a","betn_50_99"
"EMIS300330019",28,NA,NA,0,0,0,0,0,0,0,0,0,2,0,0,0,0,0,"n/a","0","n/a","betn_20_49"
"EMIS300350006",38,23,15,0,0,0,0,0,0,0,0,0,3,2,0,0,0,0,"n/a","n/a","n/a","betn_20_49"
"EMIS300290013",340,150,190,2,0,0,0,1,0,0,0,1,4,12,0,0,0,0,"Hand paralysis","Slow nerve system","n/a","betn_100_499"
"EMIS300070012",62,25,37,1,0,1,0,0,0,0,0,0,4,0,0,0,0,0,"n/a","n/a","betn_50_99","betn_50_99"
"EMIS300070008",421,191,230,3,1,0,0,0,1,0,0,1,3,11,0,0,0,0,"Toneless","Senseless","n/a","betn_100_499"
"EMIS300070003",124,56,68,0,0,0,0,0,0,0,0,0,7,3,0,0,0,0,"n/a","n/a","n/a","betn_100_499"
"EMIS300070004",142,86,56,1,0,0,0,1,0,0,0,0,5,5,0,0,0,0,"Problem in hand.","n/a","betn_100_499","betn_100_499"
"EMIS300070009",405,190,215,0,0,0,0,0,0,0,0,2,4,16,0,0,0,1,"n/a","Mental and other problem in speaking.","n/a","betn_100_499"
"EMIS300460009",36,22,14,1,0,0,0,0,1,0,0,0,4,2,0,0,0,0,"n/a","n/a","n/a","betn_20_49"
"EMIS300460015",28,19,9,0,0,0,0,0,0,0,0,0,2,1,0,0,0,0,"n/a","n/a","n/a","betn_20_49"
"EMIS300460005",117,62,55,1,0,1,0,1,0,0,0,0,3,3,0,0,0,0,"Mental problem","n/a","n/a","betn_100_499"
"EMIS300460007",67,28,39,1,0,0,0,0,0,0,0,1,3,2,0,0,0,0,"n/a","Mental illness","n/a","betn_50_99"
"EMIS300460013",65,30,35,0,0,0,0,0,0,0,0,0,3,0,0,0,0,0,"n/a","n/a","n/a","betn_50_99"
"EMIS300350003",91,40,51,0,0,0,0,2,0,0,0,0,4,1,0,0,0,0,"Mental slowness","n/a","n/a","betn_50_99"
"EMIS300120002",25,12,13,0,0,0,0,0,0,0,0,0,2,0,0,0,0,0,"n/a","n/a","n/a","betn_20_49"
"EMIS300120001",200,90,110,-17,0,0,0,0,0,0,0,1,6,4,0,0,0,0,"n/a","Mental slowness","n/a","betn_100_499"
"EMIS300120007",500,225,275,2,0,0,0,1,0,0,0,1,7,16,0,0,0,0,"Mentally slow","Mental slow","n/a","betn_500_999"
"EMIS300120005",32,12,20,0,0,0,0,0,0,0,0,0,1,1,0,0,0,0,"n/a","n/a","n/a","betn_20_49"
"EMIS300120006",280,127,153,2,0,1,0,0,0,0,0,1,6,7,0,0,0,0,"n/a","Mental slowness","n/a","betn_100_499"
"EMIS300120004",55,26,29,0,0,0,0,0,0,0,0,0,1,3,0,0,0,0,"n/a","n/a","n/a","betn_50_99"
"EMIS300120003",118,61,57,0,0,0,0,0,0,0,0,0,4,2,0,0,0,0,"n/a","n/a","n/a","betn_100_499"
"EMIS300190001",116,50,66,1,0,0,0,1,0,0,0,0,5,4,0,0,0,0,"Physical problem like body bend","n/a","n/a","betn_100_499"
"EMIS300190009",466,210,256,0,0,0,0,0,0,0,0,0,4,8,0,0,0,0,"n/a","n/a","n/a","betn_100_499"
"EMIS300190010",418,168,250,2,0,0,0,1,1,0,0,0,5,12,0,0,0,0,"Hand problem","n/a","n/a","betn_100_499"
"EMIS300190005",83,36,47,4,0,0,0,3,0,0,1,0,3,2,0,0,0,0,"1 Hand problem,2 mental slow","n/a","n/a","betn_50_99"
"EMIS300190011",170,80,90,0,0,0,0,0,0,0,0,0,5,8,0,0,0,0,"n/a","n/a","n/a","betn_100_499"
"EMIS300190003",224,111,113,0,0,0,0,0,0,0,0,0,8,7,0,0,0,0,"n/a","n/a","n/a","betn_100_499"
"EMIS300190002",101,50,51,2,0,1,0,0,0,0,0,1,6,2,0,0,0,0,"n/a","Mental slow","n/a","betn_100_499"
"EMIS300190007",236,119,117,8,0,0,1,2,0,0,2,3,7,5,0,0,0,0,"No speaking","Mental slow","n/a","betn_100_499"
"EMIS300190008",80,35,45,3,0,0,0,1,1,0,1,0,7,3,0,0,0,0,"Mentally slow","Single person","n/a","betn_50_99"
"EMIS300190004",73,35,38,0,0,0,0,0,0,0,0,0,4,1,0,0,0,0,"n/a","n/a","n/a","betn_50_99"
"EMIS300230002",248,120,128,2,2,0,0,0,0,0,0,0,6,8,0,0,0,0,"n/a","n/a","n/a","betn_100_499"
"EMIS300230003",152,65,87,1,0,0,0,0,0,0,0,1,2,5,0,0,0,0,"n/a","Dumb","n/a","betn_100_499"
"EMIS300230005",160,75,85,2,0,0,1,0,1,0,0,0,3,6,0,0,0,0,"n/a","n/a","n/a","betn_100_499"
"EMIS300230017",35,15,20,0,0,0,0,0,1,0,0,0,2,1,0,0,0,0,"n/a","n/a","n/a","betn_20_49"
"EMIS300230004",62,30,32,1,0,0,0,0,1,0,0,0,5,1,0,0,0,0,"n/a","n/a","n/a","betn_50_99"
"EMIS300350005",37,15,22,0,0,0,0,0,0,0,0,0,3,1,0,0,0,0,"n/a","n/a","n/a","betn_20_49"
"EMIS300350001",26,13,13,0,0,0,0,0,0,0,0,0,2,1,0,0,0,0,"n/a","n/a","n/a","betn_20_49"
"EMIS300460006",177,89,88,2,0,0,0,0,0,1,0,1,4,5,0,0,0,0,"n/a","Mental disorder","n/a","betn_100_499"
"EMIS300230011",32,13,19,2,0,0,0,2,0,0,0,0,2,2,0,0,0,0,"Speaking problem,mental disorder","n/a","n/a","betn_20_49"
"EMIS300230018",26,10,16,0,0,0,0,0,0,0,0,0,1,1,0,0,0,0,"n/a","n/a","n/a","betn_20_49"
"EMIS300200017",30,23,7,0,0,0,0,0,0,0,0,0,1,1,0,0,0,0,"None","None","n/a","betn_20_49"
"EMIS300230007",171,94,77,1,0,0,0,0,0,1,0,0,5,5,0,0,0,0,"n/a","n/a","n/a","betn_100_499"
"EMIS300350010",390,185,205,2,0,0,0,1,0,0,0,1,7,6,0,0,0,0,"Mental disorders","Hand problem","n/a","betn_100_499"
"EMIS300460004",40,18,22,0,0,0,0,0,0,0,0,0,2,3,0,0,0,0,"n/a","n/a","n/a","betn_20_49"
"EMIS300350007",65,25,40,0,0,0,0,0,0,0,0,0,4,2,0,0,0,0,"n/a","n/a","n/a","betn_50_99"
"EMIS300350008",63,29,34,1,0,0,0,1,0,0,0,0,5,2,0,0,0,0,"Mental disorders","n/a","n/a","betn_50_99"
"EMIS300350004",176,89,87,2,0,0,0,2,0,0,0,0,4,6,0,0,0,0,"1 abnormal body,1 mental disorder","n/a","n/a","betn_100_499"
"EMIS300350002",58,22,36,0,0,0,0,0,0,0,0,0,2,3,0,0,0,0,"n/a","n/a","n/a","betn_50_99"
"EMIS300050002",73,36,37,0,0,0,0,0,0,0,0,0,2,3,0,0,0,0,"None","None","n/a","betn_50_99"
"EMIS300200008",67,37,30,1,0,1,0,0,0,0,0,0,1,3,0,0,0,0,"None","None","n/a","betn_50_99"
"EMIS300200016",113,58,55,3,0,0,0,1,1,0,1,0,4,5,0,0,0,0,"Cannot speak","None","n/a","betn_100_499"
"EMIS300200007",34,20,14,0,0,0,0,0,0,0,0,0,3,1,0,0,0,0,"0","0","n/a","betn_20_49"
"EMIS300200014",398,182,216,2,0,0,0,0,0,0,1,2,2,14,0,0,0,0,"None","Mental problem","n/a","betn_100_499"
"EMIS300200002",42,18,24,1,0,0,0,0,0,0,0,1,2,1,0,0,0,0,"None","Metal disorder","n/a","betn_20_49"
"EMIS300050011",470,255,215,3,1,0,0,1,0,0,0,1,3,10,0,0,0,0,"Mental disorder","Mental disorder.","n/a","betn_100_499"
"EMIS300200005",85,45,40,1,0,0,0,0,0,0,0,1,3,2,0,0,0,0,"None","Mental disorder","n/a","betn_50_99"
"EMIS300050007",148,74,74,0,0,0,0,0,0,0,0,0,2,4,0,0,0,0,"None","None","n/a","betn_100_499"
"EMIS300050006",112,55,57,1,0,0,0,1,0,0,0,0,5,1,0,0,0,0,"Mental disorder","0","n/a","betn_100_499"
"EMIS300390012",328,152,176,2,0,2,0,0,0,0,0,0,4,12,0,0,0,0,"n/a","n/a","n/a","betn_100_499"
"EMIS300390008",36,21,15,1,0,0,0,NA,0,0,0,1,2,1,0,0,0,0,"n/a","Deep Kumar Thapa Magar","n/a","betn_20_49"
"EMIS300390007",39,18,21,0,0,0,0,NA,0,0,0,0,4,1,0,0,0,NA,"n/a","n/a","n/a","betn_20_49"
"EMIS300330001",84,44,40,0,0,0,0,0,0,0,0,0,2,3,0,0,0,NA,"n/a","n/a","n/a","betn_50_99"
"EMIS300330002",51,25,26,1,0,0,0,0,0,0,0,0,3,2,0,0,1,0,"0","0","n/a","betn_50_99"
"EMIS300290012",277,127,150,3,1,0,0,0,1,1,0,0,8,7,0,0,0,0,"0","0","n/a","betn_100_499"
"EMIS300290005",175,85,90,1,0,0,0,0,0,0,0,1,4,5,0,0,0,0,"n/a","No hand.","n/a","betn_100_499"
"EMIS300290006",56,26,30,0,0,0,0,0,0,0,0,0,4,3,0,0,0,0,"n/a","n/a","betn_20_49","betn_50_99"
"EMIS300240004",341,181,160,0,0,0,0,0,0,0,0,0,9,6,0,0,0,0,"0","0","n/a","betn_100_499"
"EMIS300070007",315,150,165,3,1,0,0,2,0,0,0,0,5,9,0,0,0,0,"Body bend,mental problem","n/a","n/a","betn_100_499"
"EMIS300240003",74,34,40,0,0,0,0,0,0,0,0,0,4,1,0,0,0,0,"n/a","n/a","n/a","betn_50_99"
"EMIS300240001",84,45,39,2,0,0,0,1,0,0,1,0,4,2,0,0,0,0,"Problem in speaking","n/a","n/a","betn_50_99"
"EMIS300100004",60,21,39,0,0,0,0,0,0,0,0,0,3,1,0,0,0,0,"n/a","n/a","betn_20_49","betn_50_99"
"EMIS300070001",44,24,20,0,0,0,0,0,0,0,0,0,4,1,0,0,0,0,"n/a","n/a","betn_20_49","betn_20_49"
"EMIS300070005",130,60,70,0,0,0,0,1,0,0,0,1,3,7,0,0,0,0,"Mental problem","Problem in","betn_100_499","betn_100_499"
"EMIS300070006",50,20,30,1,0,0,0,0,0,1,0,0,2,3,0,0,0,0,"n/a","n/a","betn_50_99","betn_50_99"
"EMIS300240008",20,7,13,0,0,0,0,0,0,0,0,0,1,0,0,0,0,0,"0","0","n/a","betn_20_49"
"EMIS300100006",135,65,70,3,0,0,0,0,2,0,0,1,4,6,0,0,0,0,"n/a","No speaking.","n/a","betn_100_499"
"EMIS300320009",327,149,178,4,1,0,0,2,0,0,0,1,7,8,0,0,0,0,"Mental problem,hand problem","Leg problem","n/a","betn_100_499"
"EMIS300240007",106,51,55,3,1,0,0,0,1,0,0,1,4,1,0,0,0,0,"n/a","Mental disorder","n/a","betn_100_499"
"EMIS300320013",50,27,23,1,0,0,0,0,0,0,0,1,2,0,0,0,0,0,"n/a","Mental disorder","n/a","betn_50_99"
"EMIS300320006",650,300,350,0,0,0,0,0,0,0,0,0,4,18,0,0,0,0,"n/a","n/a","betn_500_999","betn_500_999"
"EMIS300240005",130,63,67,0,0,0,0,0,0,0,0,0,4,5,0,0,0,0,"n/a","n/a","n/a","betn_100_499"
"EMIS300240006",475,200,275,3,1,0,0,1,0,0,0,1,4,14,0,0,0,0,"Problem in hand.","Problem in hand and leg","n/a","betn_100_499"
"EMIS300320003",90,39,51,0,0,0,0,0,0,0,0,0,4,2,0,0,0,0,"n/a","n/a","n/a","betn_50_99"
"EMIS300320005",119,50,69,0,0,0,0,0,0,0,0,0,4,2,0,0,0,0,"n/a","n/a","n/a","betn_100_499"
"EMIS300320008",547,273,274,2,1,0,0,0,0,0,0,1,9,8,0,0,0,0,"n/a","Speaking problem","n/a","betn_500_999"
"EMIS300320010",105,50,55,0,0,0,0,0,0,0,0,0,5,1,0,0,0,0,"n/a","n/a","n/a","betn_100_499"
"EMIS300350015",1900,800,1100,11,3,1,0,1,2,1,0,3,25,76,0,0,0,0,"Abnormal physical body","No speaking,2 physical abnormal","n/a","greater_than_1000"
"EMIS300420003",168,76,92,0,0,0,0,0,0,0,0,0,6,0,0,0,0,0,"n/a","n/a","n/a","betn_100_499"
"EMIS300420011",556,256,300,1,0,0,0,0,0,0,0,1,7,10,0,0,0,0,"n/a","Speaking problem,hand problem","n/a","betn_500_999"
"EMIS300420010",160,70,90,0,0,0,0,0,0,0,0,0,6,4,0,0,0,0,"n/a","n/a","n/a","betn_100_499"
"EMIS300420009",92,45,47,0,0,0,0,0,0,0,0,0,3,3,0,0,0,0,"n/a","n/a","n/a","betn_50_99"
"EMIS300420005",7,2,5,0,0,0,0,0,0,0,0,0,1,0,0,0,0,0,"0","0","n/a","less_than_20"
"EMIS300420008",284,134,150,5,0,0,0,3,0,0,0,2,4,14,0,0,0,0,"No hair","Hand and land problem","n/a","betn_100_499"
"EMIS300420006",28,12,16,1,0,0,0,1,0,0,0,0,2,1,0,0,0,0,"Mental disorder","n/a","n/a","betn_20_49"
"EMIS30035H117",700,200,500,5,1,0,1,0,0,0,0,3,18,57,0,0,0,0,"Physical disoder","Physical disoder","n/a","betn_500_999"
"EMIS300350011",86,40,46,2,0,0,0,0,0,1,0,1,9,0,0,0,0,0,"n/a","Hand problem","n/a","betn_50_99"
"EMIS300460019",333,166,167,4,0,0,0,1,0,0,0,3,5,13,0,0,0,0,"Hand problem","Speaking problem 2,1 hand problem","n/a","betn_100_499"
"EMIS300230021",12,5,7,0,0,0,0,0,0,0,0,0,1,0,0,0,0,0,"n/a","n/a","n/a","less_than_20"
"EMIS300420007",40,15,25,0,0,0,0,0,0,0,0,0,2,2,0,0,0,0,"n/a","n/a","n/a","betn_20_49"
"EMIS300420004",276,135,141,1,0,0,0,1,0,0,0,0,5,9,0,0,0,0,"Hand problem","n/a","n/a","betn_100_499"
"EMIS300420001",16,6,10,0,0,0,0,0,0,0,0,0,1,1,0,0,0,0,"n/a","n/a","n/a","less_than_20"
"EMIS300420002",245,100,145,3,1,0,0,2,0,0,0,0,5,9,0,0,0,0,"Speaking problem","n/a","n/a","betn_100_499"
"EMIS300350023",30,12,18,0,0,0,0,0,0,0,0,0,2,0,0,0,0,0,"n/a","n/a","n/a","betn_20_49"
"EMIS300350014",474,236,238,0,0,0,0,0,0,0,0,0,6,13,0,0,0,0,"n/a","n/a","n/a","betn_100_499"
"EMIS300320001",68,30,38,1,0,0,0,0,0,1,0,0,4,0,0,0,0,0,"n/a","n/a","n/a","betn_50_99"
"EMIS300320002",31,17,14,0,0,0,0,0,0,0,0,0,1,1,0,0,0,0,"n/a","n/a","n/a","betn_20_49"
"EMIS300320004",18,8,10,0,0,0,0,0,0,0,0,0,1,1,0,0,0,0,"n/a","n/a","n/a","less_than_20"
"EMIS300320007",110,53,57,0,0,0,0,0,0,0,0,0,3,4,0,0,0,0,"n/a","n/a","n/a","betn_100_499"
"EMIS300350012",355,174,181,1,0,0,0,1,0,0,0,0,6,9,0,0,0,0,"Abnormal body","n/a","n/a","betn_100_499"
"EMIS300330014",395,197,238,4,1,0,0,1,0,0,0,2,6,11,0,0,0,0,"1 side body paralized","Speaking problem","n/a","betn_100_499"
"EMIS300330015",580,280,300,4,1,0,0,1,0,0,0,2,5,18,0,0,0,0,"Mental slow","Finger problem and hand problem","n/a","betn_500_999"
"EMIS300390001",37,15,22,0,0,0,0,0,0,0,0,0,4,1,0,0,0,0,"n/a","n/a","n/a","betn_20_49"
"EMIS300320019",60,31,29,0,0,0,0,0,0,0,0,0,1,4,0,0,0,0,"0","0","n/a","betn_50_99"
"EMIS300460001",175,80,95,2,0,0,0,1,0,0,0,1,6,3,0,0,0,0,"Mental disorder","Mental disorder","n/a","betn_100_499"
"EMIS300460010",273,115,158,2,0,0,0,1,0,0,0,1,4,15,0,0,0,0,"Speaking problem","Mental disorder","n/a","betn_100_499"
"EMIS300460003",68,35,33,1,0,0,0,0,0,0,0,1,4,2,0,0,0,0,"n/a","Problem in speaking","n/a","betn_50_99"
"EMIS300460011",513,250,263,0,0,1,0,0,0,0,0,1,5,18,0,0,0,0,"n/a","Hand problem","n/a","betn_500_999"
"EMIS300460002",150,70,80,0,0,0,0,0,0,0,0,0,3,2,0,0,0,0,"n/a","n/a","n/a","betn_100_499"
"EMIS300460014",14,8,6,0,0,0,0,1,0,0,0,1,2,0,0,0,0,0,"Problem in leg and problem in hip","Speaking problem","n/a","less_than_20"
"EMIS300460018",55,23,32,0,0,0,0,0,0,0,0,0,3,0,0,0,0,0,"n/a","n/a","n/a","betn_50_99"
"EMIS300230009",177,78,99,0,0,0,0,0,0,0,0,0,1,8,0,0,0,0,"n/a","n/a","n/a","betn_100_499"
"EMIS300230012",78,36,44,0,0,0,0,0,0,0,0,0,3,3,0,0,0,0,"n/a","n/a","n/a","betn_50_99"
"EMIS300230015",285,125,160,0,1,0,0,1,0,0,0,1,3,10,0,0,0,0,"Speaking problem","Speaking problem","n/a","betn_100_499"
"EMIS300230013",63,30,33,0,0,0,0,0,0,0,0,0,1,3,0,0,0,1,"n/a","n/a","n/a","betn_50_99"
"EMIS300230010",67,33,34,0,0,0,0,1,0,0,0,1,2,2,0,0,0,0,"Mental disorder,leg problem","Speaking problem","n/a","betn_50_99"
"EMIS300230014",278,125,153,0,0,0,0,1,0,0,0,0,2,11,0,0,0,0,"Mental disorder","n/a","n/a","betn_100_499"
"EMIS300230016",18,10,8,0,0,0,0,0,0,0,0,0,3,0,0,0,0,0,"n/a","n/a","n/a","less_than_20"
"EMIS300230006",210,99,111,0,0,0,0,0,0,0,0,0,2,9,0,0,0,0,"n/a","n/a","n/a","betn_100_499"
"EMIS300230001",302,142,160,0,0,0,0,0,0,0,0,0,6,8,0,0,0,0,"n/a","n/a","n/a","betn_100_499"
"EMIS300350009",100,60,40,0,0,0,0,0,0,0,0,0,5,3,0,0,0,0,"n/a","n/a","n/a","betn_100_499"
"EMIS300350013",800,350,450,0,0,0,0,2,0,1,0,0,13,3,0,0,0,0,"Speaking problem","n/a","n/a","betn_500_999"
"EMIS300390004",310,140,170,0,0,0,0,0,0,0,0,0,7,8,0,0,0,0,"n/a","n/a","n/a","betn_100_499"
"EMIS300050010",823,385,438,1,0,0,0,0,0,0,0,0,7,14,1,0,0,0,"None","None","n/a","betn_500_999"
"EMIS300050009",271,180,91,1,1,0,0,0,0,0,0,0,3,3,0,0,0,0,"None","None","n/a","betn_100_499"
"EMIS300050017",17,3,14,3,0,0,0,0,1,1,1,0,1,0,0,0,0,0,"None","None","n/a","less_than_20"
"EMIS300050003",182,78,104,0,0,0,0,0,0,0,0,0,5,3,0,0,0,0,"None","None","n/a","betn_100_499"
"EMIS300050005",46,23,23,0,0,0,0,0,0,0,0,0,1,3,0,0,0,0,"None","None","n/a","betn_20_49"
"EMIS300200011",89,43,46,1,0,0,0,0,0,1,0,0,4,2,0,0,0,0,"None","None","n/a","betn_50_99"
"EMIS300200010",12,8,4,0,0,0,0,0,0,0,0,0,1,1,0,0,0,0,"None","None","n/a","less_than_20"
"EMIS300200012",85,42,43,0,0,0,0,0,0,0,0,0,3,2,0,0,0,0,"None","None","n/a","betn_50_99"
"EMIS300200018",16,7,9,0,0,0,0,0,0,0,0,0,3,0,0,0,0,0,"None","None","n/a","less_than_20"
"EMIS300200001",211,102,109,0,0,0,0,0,0,0,0,0,5,6,0,0,0,0,"None","None","n/a","betn_100_499"
"EMIS300200003",24,14,10,0,0,0,0,0,0,0,0,0,1,1,0,0,0,0,"None","None","n/a","betn_20_49"
"EMIS300200004",123,63,60,0,0,0,0,0,0,0,0,0,3,3,0,0,0,0,"None","None","n/a","betn_100_499"
"EMIS300200006",303,139,164,1,0,1,0,0,0,0,0,0,3,11,0,0,0,0,"None","None","n/a","betn_100_499"
"EMIS300200019",21,6,15,0,0,0,0,0,0,0,0,0,1,0,0,0,0,0,"None","None","n/a","betn_20_49"
"EMIS300200009",112,48,64,0,0,0,0,0,0,0,0,0,2,3,0,0,0,0,"None","None","n/a","betn_100_499"
"EMIS300050012",131,66,65,1,0,0,0,1,0,0,0,0,2,4,0,0,0,0,"Can't speak","None","n/a","betn_100_499"
"EMIS300050004",78,35,43,2,1,1,0,0,0,0,0,0,3,2,0,0,0,0,"None","None","n/a","betn_50_99"
"EMIS300050001",97,57,40,2,0,0,1,0,1,0,0,0,4,2,0,0,0,0,"None","None","n/a","betn_50_99"
"EMIS300050013",186,91,95,0,0,0,0,0,0,0,0,0,4,4,0,0,0,0,"None","Mone","n/a","betn_100_499"
"EMIS300050008",414,200,214,3,0,0,0,1,1,0,0,1,4,9,0,0,0,1,"Mental disorder","Mental disorder","n/a","betn_100_499"
"EMIS300390006",94,50,44,1,0,0,0,NA,1,0,0,0,4,3,0,0,0,0,"n/a","n/a","n/a","betn_50_99"
"EMIS300390010",192,102,88,0,0,0,0,0,0,0,0,0,4,9,0,0,0,0,"0","0","betn_100_499","betn_100_499"
"EMIS300390002",211,103,108,0,0,0,0,NA,0,0,0,NA,3,11,0,0,0,NA,"n/a","n/a","n/a","betn_100_499"
"EMIS300330012",263,129,134,0,2,0,0,2,2,0,0,2,4,8,0,0,0,0,"Hand n leg problem","Hand problem","n/a","betn_100_499"
"EMIS300290015",583,257,326,0,6,1,1,1,4,NA,1,3,3,16,0,1,NA,1,"Leg problem 2,neck 2,","Speaking 1,hand problem,leg problem","n/a","betn_500_999"
"EMIS300290008",178,83,95,0,0,0,0,0,0,0,0,0,6,5,0,0,0,0,"n/a","n/a","n/a","betn_100_499"
"EMIS300240002",235,115,120,0,0,0,0,0,0,0,0,0,8,5,0,0,0,0,"n/a","n/a","n/a","betn_100_499"
"EMIS300190006",87,38,49,0,0,0,0,0,0,0,0,0,4,1,0,0,0,0,"n/a","n/a","n/a","betn_50_99"
"EMIS300100002",81,50,31,0,0,0,0,0,0,0,0,0,2,3,0,0,0,0,"n/a","n/a","n/a","betn_50_99"
"EMIS300280019",54,20,34,0,0,0,0,0,0,0,0,0,1,0,0,0,0,0,"None","None","n/a","betn_50_99"
"EMIS300180007",122,63,59,0,0,0,0,0,0,0,0,0,1,3,0,0,0,0,"None","None","n/a","betn_100_499"
"EMIS300180005",73,28,45,1,0,0,1,0,0,0,0,0,2,1,0,0,0,0,"None","None","n/a","betn_50_99"
"EMIS300180004",85,44,41,0,0,0,0,0,0,0,0,0,3,2,0,0,0,0,"None","none","n/a","betn_50_99"
"EMIS300180013",138,53,85,0,0,0,0,0,0,0,0,0,5,4,0,0,0,0,"None","None","n/a","betn_100_499"
"EMIS300180006",128,63,63,2,0,0,1,0,1,0,0,0,3,1,0,0,0,0,"None","None","n/a","betn_100_499"
"EMIS300180017",46,26,20,0,0,0,0,0,0,0,0,0,2,1,0,0,0,0,"None","None","n/a","betn_20_49"
"EMIS300180016",19,8,11,0,0,0,0,0,0,0,0,0,1,1,0,0,0,0,"none","None","n/a","less_than_20"
"EMIS300180002",82,42,40,0,0,0,0,0,0,0,0,0,1,3,0,0,0,0,"None","None","n/a","betn_50_99"
"EMIS300180014",81,43,37,1,0,0,0,1,0,0,0,0,2,2,0,0,0,0,"Can't speak.","None","n/a","betn_50_99"
"EMIS300180011",308,152,149,7,1,0,0,2,1,0,1,2,2,11,0,0,0,0,"Mental disorder","Mental disorder","n/a","betn_100_499"
"EMIS300180022",71,32,39,0,0,0,0,0,0,0,0,0,2,2,0,0,0,0,"None","None","n/a","betn_50_99"
"EMIS300180009",228,111,117,2,1,0,0,0,1,0,0,0,3,6,1,0,0,0,"None","None","n/a","betn_100_499"
"EMIS300180020",25,13,12,0,0,0,0,0,0,0,0,0,2,1,0,0,0,0,"None","None","n/a","betn_20_49"
"EMIS300180003",31,14,17,0,0,0,0,0,0,0,0,0,2,1,0,0,0,0,"None","None","n/a","betn_20_49"
"EMIS300180019",59,31,28,0,0,0,0,0,0,0,0,0,4,0,0,0,0,0,"None","None","n/a","betn_50_99"
"EMIS300180010",50,25,25,0,0,0,0,0,0,0,0,0,3,2,0,0,0,0,"None","None","n/a","betn_50_99"
"EMIS300040006",22,12,10,0,0,0,0,0,0,0,0,0,1,0,0,0,0,0,"None","None","n/a","betn_20_49"
"EMIS300040009",380,208,172,0,0,0,0,0,0,0,0,0,7,8,0,0,0,0,"None","None","n/a","betn_100_499"
"EMIS300040013",46,28,18,0,0,0,0,0,0,0,0,0,1,3,0,0,0,0,"None","None","n/a","betn_20_49"
"EMIS300040022",14,9,5,0,0,0,0,0,0,0,0,0,1,1,0,0,0,0,"None","None","less_than_20","less_than_20"
"EMIS300040019",24,8,16,0,0,0,0,0,0,0,0,0,2,0,0,0,0,0,"None","None","n/a","betn_20_49"
"EMIS300180008",80,50,30,0,0,0,0,0,0,0,0,0,1,3,0,0,0,0,"n/a","n/a","n/a","betn_50_99"
"EMIS300110001",379,189,190,0,0,0,0,0,0,0,0,0,4,9,0,0,0,0,"None","None","n/a","betn_100_499"
"EMIS300110004",145,63,82,2,1,NA,NA,NA,NA,NA,NA,1,1,3,NA,NA,NA,NA,"n/a","Talking","n/a","betn_100_499"
"EMIS300110006",87,54,33,1,0,0,0,0,0,0,0,1,3,1,0,0,0,0,"n/a","Mental disorder","n/a","betn_50_99"
"EMIS300110007",35,21,14,0,0,0,0,0,0,0,0,0,1,1,0,0,0,0,"none","None","n/a","betn_20_49"
"EMIS300110008",86,51,35,0,0,0,0,0,0,0,0,0,1,2,0,0,0,0,"None","none","n/a","betn_50_99"
"EMIS300110016",34,19,15,0,0,0,0,0,0,0,0,0,3,0,0,0,0,0,"none","none","n/a","betn_20_49"
"EMIS300110017",50,12,38,1,0,0,0,1,0,0,0,0,2,0,0,0,0,0,"Mental disorder","None","n/a","betn_50_99"
"EMIS300110014",18,9,9,0,0,0,0,0,0,0,0,0,2,0,0,0,0,0,"none","None","n/a","less_than_20"
"EMIS300110005",94,43,51,2,1,0,0,0,1,0,0,0,0,2,0,0,0,0,"None","No√±e","n/a","betn_50_99"
"EMIS300110019",44,22,22,0,0,0,0,0,0,0,0,0,2,0,0,0,0,0,"None","None","n/a","betn_20_49"
"EMIS300110011",41,20,21,2,1,0,0,1,0,0,0,0,2,1,0,0,0,0,"Mental disorder","none","n/a","betn_20_49"
"EMIS300110010",108,55,53,0,0,0,0,0,0,0,0,0,2,1,0,0,0,0,"n/a","none","n/a","betn_100_499"
"EMIS300110009",65,31,34,0,0,0,0,0,0,0,0,0,0,3,0,0,0,0,"n/a","none","n/a","betn_50_99"
"EMIS300250009",247,120,127,2,1,0,0,0,1,0,0,0,4,4,1,0,0,0,"None","Nonr","n/a","betn_100_499"
"EMIS300250008",174,63,108,3,1,0,0,0,2,0,0,0,2,4,0,0,0,0,"none","None","n/a","betn_100_499"
"EMIS300250010",186,82,104,0,0,0,0,0,0,0,0,0,3,2,0,0,0,0,"none","None","n/a","betn_100_499"
"EMIS300250016",103,54,49,0,0,0,0,0,0,0,0,0,3,1,0,0,0,0,"n/a","n/a","n/a","betn_100_499"
"EMIS300110018",103,52,51,0,0,0,0,0,0,0,0,0,2,0,0,0,0,0,"n/a","n/a","n/a","betn_100_499"
"EMIS300250004",146,91,54,1,0,0,0,1,0,0,0,0,4,3,0,0,0,0,"Mental disorder","None","n/a","betn_100_499"
"EMIS300250012",36,18,18,0,0,0,0,0,0,0,0,0,2,0,0,0,0,0,"n/a","n/a","n/a","betn_20_49"
"EMIS300250006",82,35,46,1,0,0,0,0,0,0,0,1,1,2,0,0,0,0,"n/a","Mental disorder","n/a","betn_50_99"
"EMIS300250005",97,50,44,3,0,0,0,2,0,0,0,1,1,3,0,0,0,0,"Can't speak","Can't speak","n/a","betn_50_99"
"EMIS300250007",103,48,52,3,0,0,0,1,1,0,0,1,2,2,0,0,0,0,"Mental disorder","Mental disorder","n/a","betn_100_499"
"EMIS300250001",469,212,257,0,0,0,0,0,0,0,0,0,4,10,0,0,0,0,"n/a","Nome","n/a","betn_100_499"
"EMIS300250002",95,53,39,3,0,0,0,0,2,0,0,1,3,2,0,0,0,0,"n/a","Mental disorder","n/a","betn_50_99"
"EMIS300250011",31,19,12,1,1,0,0,0,0,0,0,0,3,0,0,0,0,0,"n/a","n/a","n/a","betn_20_49"
"EMIS300020019",32,14,18,0,0,0,0,0,0,0,0,0,2,0,0,0,0,0,"None","None","n/a","betn_20_49"
"EMIS300020012",56,23,33,3,0,1,0,1,0,0,0,1,1,2,0,0,0,0,"Mental disorder","Can't speak properly.","n/a","betn_50_99"
"EMIS300020001",104,53,51,2,0,0,0,0,0,1,0,1,3,2,0,0,0,0,"n/a","Mental disorder","n/a","betn_100_499"
"EMIS300020014",98,47,51,2,0,0,0,2,0,0,0,0,1,2,0,0,0,0,"Mental disorder","None","n/a","betn_50_99"
"EMIS300020004",350,169,181,2,0,0,0,0,2,0,0,0,3,6,0,0,0,0,"n/a","None","n/a","betn_100_499"
"EMIS300020011",74,37,37,0,0,0,0,0,0,0,0,0,1,2,0,0,0,0,"None","None","n/a","betn_50_99"
"EMIS300020008",80,41,39,1,1,0,0,0,0,0,0,0,2,1,0,0,0,0,"None","None","n/a","betn_50_99"
"EMIS300020007",325,170,155,2,0,0,1,1,0,0,0,0,4,4,0,0,0,0,"Mental problem","None","n/a","betn_100_499"
"EMIS300130001",381,187,194,3,0,0,0,0,1,0,1,1,5,11,0,0,0,0,"None","Mental problem","n/a","betn_100_499"
"EMIS300280010",213,94,116,1,0,0,0,1,0,0,0,0,5,4,0,0,0,0,"Can't speak","n/a","n/a","betn_100_499"
"EMIS300280003",62,34,28,0,0,0,0,NA,0,0,0,NA,1,3,0,0,0,NA,"n/a","n/a","n/a","betn_50_99"
"EMIS300280005",116,57,59,3,1,0,0,2,0,0,0,0,3,2,0,0,0,0,"Mental problem","n/a","n/a","betn_100_499"
"EMIS300280009",78,34,44,0,0,0,0,NA,0,0,0,NA,2,1,0,0,0,NA,"n/a","n/a","n/a","betn_50_99"
"EMIS300280018",15,7,8,0,0,0,0,NA,0,0,0,NA,1,0,0,0,0,NA,"n/a","n/a","n/a","less_than_20"
"EMIS300280015",48,33,15,0,0,0,0,0,0,0,0,0,2,1,0,0,0,0,"n/a","None","n/a","betn_20_49"
"EMIS300280008",54,26,28,0,0,0,0,0,0,0,0,0,0,3,0,0,0,0,"n/a","n/a","n/a","betn_50_99"
"EMIS300280011",192,93,99,NA,0,0,0,0,0,0,0,0,2,7,0,0,0,0,"None","None","n/a","betn_100_499"
"EMIS300020002",65,37,28,0,0,0,0,0,0,0,0,0,3,2,0,0,0,0,"n/a","n/a","n/a","betn_50_99"
"EMIS300020015",71,31,40,0,0,0,0,0,0,0,0,0,2,2,0,0,0,0,"n/a","n/a","n/a","betn_50_99"
"EMIS300020006",90,38,52,0,0,0,0,0,0,0,0,0,2,2,0,0,0,0,"None","None","n/a","betn_50_99"
"EMIS300020005",399,148,215,0,0,0,0,0,0,0,0,0,5,7,0,0,0,0,"None","n/a","n/a","betn_100_499"
"EMIS300020003",43,23,20,1,0,0,0,1,0,0,0,0,2,1,0,0,0,0,"Mental disorder","n/a","n/a","betn_20_49"
"EMIS300280002",108,48,60,1,0,0,0,1,0,0,0,0,4,2,0,0,0,0,"Susta manasthiti","n/a","n/a","betn_100_499"
"EMIS300280012",121,69,52,0,0,0,0,0,0,0,0,0,2,3,0,0,0,0,"n/a","n/a","n/a","betn_100_499"
"EMIS300280014",518,248,270,0,0,0,0,0,0,0,0,0,3,10,0,0,0,0,"n/a","n/a","n/a","betn_500_999"
"EMIS300280006",108,63,45,0,0,0,0,0,0,0,0,0,2,1,0,0,0,0,"n/a","n/a","less_than_20","betn_100_499"
"EMIS300280007",142,75,67,0,0,0,0,0,0,0,0,0,2,1,0,0,0,0,"n/a","n/a","n/a","betn_100_499"
"EMIS300370002",230,110,116,5,1,0,0,2,0,0,0,2,6,3,0,0,0,0,"Mental disorder","Mental disorders","n/a","betn_100_499"
"EMIS300370009",135,59,76,0,0,0,0,0,0,0,0,0,3,2,0,0,0,0,"None","None","n/a","betn_100_499"
"EMIS300370001",601,256,345,0,0,0,0,0,0,0,0,0,6,10,0,0,0,0,"n/a","None","n/a","betn_500_999"
"EMIS300130006",156,65,91,0,0,0,0,0,0,0,0,0,7,2,0,0,0,0,"n/a","n/a","n/a","betn_100_499"
"EMIS300130008",90,51,39,2,0,0,0,0,1,0,0,1,1,2,0,0,0,0,"n/a","Susta manstiti","n/a","betn_50_99"
"EMIS300130009",53,25,28,0,0,0,0,0,0,0,0,0,1,1,0,0,0,0,"None","None","n/a","betn_50_99"
"EMIS300370003",398,203,195,1,0,0,0,0,1,0,0,0,3,14,1,0,NA,NA,"n/a","none","n/a","betn_100_499"
"EMIS300280013",33,17,16,0,0,0,0,0,0,0,0,0,2,1,0,0,0,0,"None","None","n/a","betn_20_49"
"EMIS300370007",83,37,46,0,0,0,0,0,0,0,0,0,3,2,0,0,0,0,"n/a","n/a","n/a","betn_50_99"
"EMIS300370015",43,18,25,0,0,0,0,0,0,0,0,0,2,0,0,0,0,0,"n/a","n/a","n/a","betn_20_49"
"EMIS300370010",238,89,149,0,0,0,NA,NA,0,0,0,0,3,8,0,0,0,0,"n/a","None","n/a","betn_100_499"
"EMIS300370006",80,34,46,0,0,0,0,0,0,0,0,0,1,2,0,0,0,0,"n/a","n/a","n/a","betn_50_99"
"EMIS300370011",120,54,66,0,0,0,0,0,0,0,0,0,1,3,0,0,0,0,"n/a","None","n/a","betn_100_499"
"EMIS300370013",107,63,44,0,0,0,0,0,0,0,0,0,2,1,0,0,0,0,"None","None","n/a","betn_100_499"
"EMIS300040014",177,79,98,0,0,0,0,0,0,0,0,0,4,5,0,0,0,0,"n/a","n/a","n/a","betn_100_499"
"EMIS300040008",57,31,26,0,0,0,0,0,0,0,0,0,2,2,0,0,0,0,"n/a","n/a","n/a","betn_50_99"
"EMIS300370016",48,24,24,0,0,0,0,0,0,0,0,0,2,1,0,0,0,NA,"n/a","n/a","n/a","betn_20_49"
"EMIS300110003",124,14,124,NA,0,0,0,0,0,0,0,0,3,1,0,0,0,0,"none","none","n/a","betn_100_499"
"EMIS300040018",46,28,18,0,0,0,0,0,0,0,0,0,2,0,0,0,0,0,"n/a","n/a","n/a","betn_20_49"
"EMIS300110015",39,19,20,0,0,0,0,0,0,0,0,0,2,0,0,0,0,0,"n/a","None","n/a","betn_20_49"
"EMIS300280004",149,64,85,1,0,0,0,0,1,0,0,0,2,2,0,0,0,0,"None","None","n/a","betn_100_499"
"EMIS300370019",78,42,36,1,0,0,1,0,0,0,0,0,2,1,0,0,0,0,"n/a","n/a","n/a","betn_50_99"
"EMIS300370004",292,149,143,0,0,0,0,0,0,0,0,0,3,8,0,0,0,0,"n/a","None","n/a","betn_100_499"
"EMIS300370014",33,12,21,0,0,0,0,0,0,0,0,0,2,1,0,0,0,0,"n/a","None","n/a","betn_20_49"
"EMIS300040003",47,25,20,1,0,0,0,0,1,0,0,0,2,2,0,0,0,0,"None","None","n/a","betn_20_49"
"EMIS300250003",343,148,195,7,1,0,3,1,0,0,0,2,4,9,0,0,0,0,"Mental problem","Cannot speak properly and physical problem","n/a","betn_100_499"
"EMIS300040002",200,103,98,5,0,0,0,5,0,0,0,0,5,4,0,0,0,0,"Disable people","None","n/a","betn_100_499"
"EMIS300280021",45,20,25,0,0,0,0,0,0,0,0,0,0,1,0,0,0,0,"n/a","n/a","n/a","betn_20_49"
"EMIS300110002",321,147,174,0,0,0,0,0,0,0,0,0,2,12,0,0,0,0,"none","none","n/a","betn_100_499"
"EMIS300280017",93,37,56,2,0,1,0,1,0,0,0,0,0,2,0,0,0,0,"Physical problem.","None","n/a","betn_50_99"
"EMIS300280016",45,26,29,0,0,0,0,0,0,0,0,0,2,1,0,0,0,0,"None","None","n/a","betn_20_49"
"EMIS300280000",30,14,16,0,0,0,0,0,0,0,0,0,0,1,0,0,0,0,"n/a","n/a","n/a","betn_20_49"
"EMIS300180018",35,15,20,0,0,0,0,0,0,0,0,0,3,0,0,0,0,0,"None","None","n/a","betn_20_49"
"EMIS300130018",50,26,24,0,0,0,0,0,0,0,0,0,3,0,0,0,0,0,"n/a","n/a","n/a","betn_50_99"
"EMIS300130005",152,79,73,1,0,0,0,1,0,0,0,0,3,3,0,0,0,0,"Mental disorder","none","n/a","betn_100_499"
"EMIS300130003",265,135,130,0,0,0,0,0,0,0,0,0,5,4,0,0,0,0,"None","None","n/a","betn_100_499"
"EMIS300130011",63,37,26,0,0,0,0,0,0,0,0,0,3,2,0,0,0,0,"None","None","n/a","betn_50_99"
"EMIS300040012",592,226,366,0,0,0,0,0,0,0,0,0,1,22,0,0,0,0,"None","Nonen","n/a","betn_500_999"
"EMIS300130002",53,26,27,0,0,0,0,0,0,0,0,0,1,1,0,0,0,0,"None","None","n/a","betn_50_99"
"EMIS30004H124",98,38,60,0,0,0,0,0,0,0,0,0,2,14,0,0,0,0,"n/a","None","n/a","betn_50_99"
"EMIS300130014",893,394,499,0,0,0,0,0,0,0,0,0,7,20,1,0,0,0,"None","None","n/a","betn_500_999"
"EMIS300040011",1203,568,631,4,0,0,0,0,2,1,1,0,14,26,0,0,0,0,"None","None","n/a","greater_than_1000"
"EMIS300040004",63,29,34,0,0,0,NA,0,0,0,0,NA,2,1,0,0,0,0,"n/a","n/a","n/a","betn_50_99"
"EMIS300040010",289,195,130,0,0,0,0,0,0,0,0,0,4,8,0,0,0,0,"None","None","n/a","betn_100_499"
"EMIS300040021",42,22,20,3,NA,2,NA,NA,NA,NA,NA,1,1,0,NA,NA,NA,0,"n/a","Lato","n/a","betn_20_49"
"EMIS300040005",80,35,45,5,1,NA,1,NA,3,NA,NA,NA,4,1,NA,NA,NA,0,"n/a","n/a","n/a","betn_50_99"
"EMIS300040017",37,15,22,0,0,0,0,NA,0,0,0,NA,2,0,0,0,0,NA,"n/a","n/a","n/a","betn_20_49"
"EMIS300040007",116,50,82,1,0,0,0,0,0,0,0,1,4,1,0,0,0,0,"n/a","Cannot Speak.","n/a","betn_100_499"
"EMIS300180012",476,181,295,0,0,0,0,0,0,0,0,0,3,13,0,1,0,0,"n/a","n/a","n/a","betn_100_499"
"EMIS300180001",131,66,65,2,0,0,0,0,0,0,0,2,3,3,0,0,0,0,"None","1 cannot speak and other mental disorder.","n/a","betn_100_499"
"EMIS300020013",574,257,317,0,0,0,0,0,0,0,0,0,9,11,0,0,0,0,"None","None","n/a","betn_500_999"
"EMIS300110013",46,24,22,0,0,0,0,0,0,0,0,0,2,0,0,0,0,0,"none","none","n/a","betn_20_49"
"EMIS300130012",33,17,15,1,0,0,0,1,0,0,0,0,3,0,0,0,0,0,"Mental disorder.","None","n/a","betn_20_49"
"EMIS300130015",25,0,25,0,0,0,0,0,0,0,0,0,0,2,0,0,0,0,"n/a","None","n/a","betn_20_49"
"EMIS300130022",32,16,16,0,0,0,0,0,0,0,0,0,1,0,0,0,0,0,"n/a","n/a","n/a","betn_20_49"
"EMIS300020009",106,57,49,0,0,0,0,0,0,0,0,0,3,1,0,0,0,0,"None","None","n/a","betn_100_499"
"EMIS300130007",240,131,109,0,0,0,0,0,0,0,0,0,5,5,0,0,0,0,"None","None","n/a","betn_100_499"
"EMIS300130013",35,13,22,0,0,0,0,0,0,0,0,0,1,1,0,0,0,0,"n/a","n/a","n/a","betn_20_49"
"EMIS300130021",34,17,17,0,0,0,0,NA,0,0,0,0,1,0,0,0,0,0,"n/a","n/a","n/a","betn_20_49"
"EMIS300130004",68,26,42,0,0,0,0,0,0,0,0,0,1,3,0,0,0,0,"n/a","n/a","n/a","betn_50_99"
"EMIS300280001",43,23,20,0,0,0,0,0,0,0,0,0,2,0,0,0,0,0,"n/a","n/a","n/a","betn_20_49"
"EMIS300370008",115,52,63,5,0,0,0,0,3,0,1,1,3,3,1,0,0,0,"n/a","Mental disorder","n/a","betn_100_499"
"EMIS30013H119",126,28,98,0,0,0,0,0,0,0,0,0,5,12,0,0,0,0,"n/a","n/a","n/a","betn_100_499"
"EMIS300370005",79,40,39,0,0,0,0,0,0,0,0,0,3,1,0,0,0,0,"None","None","n/a","betn_50_99"
"EMIS300020016",621,271,350,0,0,0,0,0,0,0,0,0,4,16,0,1,0,0,"None","None","n/a","betn_500_999"
"EMIS300020010",528,264,264,0,0,0,0,0,0,0,0,0,6,11,0,0,0,0,"n/a","None","n/a","betn_500_999"
"EMIS300050018",20,12,8,0,0,0,0,0,0,0,0,0,0,1,0,0,0,0,"n/a","n/a","n/a","betn_20_49"
"EMIS30004H122",520,320,180,0,0,0,0,NA,0,0,0,NA,16,15,0,0,0,NA,"n/a","n/a","n/a","betn_500_999"
"EMIS300420012",11,4,7,0,0,0,0,0,0,0,0,0,2,0,0,0,0,0,"n/a","n/a","n/a","less_than_20"
"EMIS30002H190",57,17,40,0,NA,NA,NA,NA,NA,NA,NA,NA,9,12,NA,NA,NA,NA,"n/a","n/a","n/a","betn_50_99"
"EMIS30002H125",40,20,20,0,0,0,NA,NA,0,0,0,NA,5,5,NA,NA,NA,NA,"n/a","n/a","n/a","betn_20_49"
