"","general_detail.emis.school_emis","total_number_student","number_pupils_boys","number_pupils_girls","number_pupils_special_needs","difficulty_mobility_girl","difficulty_seeing_girls","difficulty_hearing_girls","difficulty_other_girls","difficulty_specify_other_girls","difficulty_mobility_boys","difficulty_seeing_boys","difficulty_hearing_boys","difficulty_other_boys","difficulty_specify_other_boys","number_pupils_staff_esimate","total_staff_female","total_staff_male","difficulty_mobility_staff_girl","difficulty_seeing_staff_girls","difficulty_hearing_staff_girls","difficulty_other_staff_girls","total_calc","number_pupils_boys1"
"1","EMIS300330006","98","56","42","2","0","0","0","0","n/a","0","0","0","2","Difficulties in speaking, slow in activities","n/a","4","2","0","0","0","0",280,144
"2","EMIS300390009","63","36","27","0","0","0","0","0","n/a","0","0","0","0","n/a","n/a","4","1","0","0","0","0",217,120
"3","EMIS300390011","44","12","32","0","0","0","0","n/a","n/a","n/a","n/a","n/a","n/a","n/a","n/a","4","1","0","0","0","n/a",125,14
"4","EMIS300390005","217","101","116","0","0","0","0","0","n/a","0","0","0","0","n/a","betn_100_499","6","6","0","0","0","0",17,4
"5","EMIS300390013","24","12","12","0","0","0","0","n/a","n/a","0","0","0","n/a","n/a","n/a","2","0","0","0","0","n/a",29,14
"6","EMIS300330011","50","26","24","0","0","0","0","1","Problem related to heart.","n/a","n/a","n/a","1","Problem in speaking.","n/a","5","0","0","0","0","n/a",176,92
"7","EMIS300330005","69","37","31","2","1","0","0","1","Problem in hand.","0","0","0","n/a","n/a","n/a","3","1","0","0","0","n/a",230,121
"8","EMIS300330009","52","18","34","0","0","0","0","1","Slow minded","0","0","0","0","n/a","n/a","2","3","0","0","0","0",168,51
"9","EMIS300330003","21","10","11","0","0","0","0","0","n/a","0","0","0","0","n/a","n/a","2","0","0","0","0","0",9,2
"10","EMIS300330007","245","128","117","2","1","0","0","0","n/a","0","0","0","1","Problem in nerve","n/a","4","6","0","0","0","n/a",33,19
"11","EMIS300290016","36","20","16","1","0","0","0","0","n/a","0","n/a","0","1","Cannot speak","n/a","3","0","0","0","0","0",108,67
"12","EMIS300330016","28","15","13","0","0","1","0","n/a","n/a","0","0","0","n/a","n/a","n/a","2","1","0","0","0","n/a",56,34
"13","EMIS300330018","28","11","17","0","0","0","0","0","n/a","0","0","0","0","n/a","n/a","3","0","0","0","0","0",55,7
"14","EMIS300330013","34","16","18","0","0","0","0","0","n/a","0","0","0","0","n/a","betn_20_49","1","3","0","0","0","0",94,38
"15","EMIS300330017","11","6","5","0","0","0","0","0","n/a","0","0","0","0","n/a","n/a","1","1","0","0","0","0",298,150
"16","EMIS300290003","56","29","27","0","0","0","1","n/a","n/a","0","0","0","n/a","n/a","n/a","3","2","0","0","0","n/a",202,105
"17","EMIS300290009","78","48","30","0","0","0","0","0","n/a","0","0","0","0","n/a","n/a","3","2","0","0","0","0",243,136
"18","EMIS300290021","15","7","8","0","0","0","0","0","n/a","n/a","n/a","n/a","n/a","n/a","less_than_20","1","0","0","0","0","0",341,159
"19","EMIS300290010","157","85","72","2","0","0","0","1","No sense.","1","0","0","0","n/a","betn_100_499","5","4","0","0","0","0",349,174
"20","EMIS300290019","38","16","22","n/a","0","0","0","1","Leg problem","0","0","0","0","n/a","betn_20_49","2","0","0","0","0","n/a",115,38
"21","EMIS300290011","255","118","137","0","0","0","0","0","n/a","0","0","0","0","n/a","betn_100_499","3","6","0","0","0","0",39,12
"22","EMIS300290014","601","267","334","0","0","0","0","0","n/a","0","0","0","0","n/a","betn_500_999","2","20","0","0","0","0",211,96
"23","EMIS300290004","64","28","36","0","0","0","0","0","n/a","0","0","0","0","n/a","betn_50_99","3","1","0","0","0","0",225,101
"24","EMIS300100008","493","234","261","0","0","0","0","0","n/a","0","0","0","0","n/a","betn_100_499","3","15","0","0","0","n/a",175,81
"25","EMIS300100005","31","14","17","0","0","0","0","0","n/a","n/a","n/a","n/a","n/a","n/a","n/a","3","1","0","0","0","n/a",75,27
"26","EMIS300100007","380","183","197","0","0","0","0","0","n/a","n/a","n/a","n/a","n/a","n/a","betn_100_499","7","9","0","0","0","0",120,55
"27","EMIS300100001","21","9","12","0","0","0","0","n/a","n/a","0","0","0","n/a","n/a","less_than_20","2","1","0","0","0","0",193,178
"28","EMIS300100003","101","52","49","1","0","0","0","1","Speaking problem.","1","0","0","0","n/a","n/a","3","2","0","0","0","0",285,140
"29","EMIS300100009","27","15","12","0","0","0","0","0","n/a","0","0","0","0","n/a","betn_20_49","3","1","0","0","0","0",49,34
"30","EMIS300400004","72","35","37","1","0","0","0","1","Mental problem","0","0","0","0","n/a","n/a","5","0","0","0","0","0",246,118
"31","EMIS300400003","365","162","203","5","1","1","1","0","n/a","0","0","1","1","Mental problem","n/a","3","12","0","0","0","0",108,39
"32","EMIS300400010","86","45","41","0","0","0","0","0","n/a","0","0","0","0","n/a","n/a","4","1","0","0","0","0",268,133
"33","EMIS300400005","24","10","14","0","0","0","0","0","n/a","0","0","0","0","n/a","n/a","1","1","0","0","0","0",30,2
"34","EMIS300400008","102","45","57","5","2","0","0","0","n/a","3","0","0","0","n/a","betn_100_499","3","3","0","0","0","0",290,133
"35","EMIS300400002","439","196","243","0","0","0","0","0","n/a","0","0","0","0","n/a","n/a","6","12","0","0","0","0",150,64
"36","EMIS300400006","65","27","38","2","0","0","0","1","Confusion type","1","0","0","0","n/a","n/a","4","2","0","0","0","0",226,97
"37","EMIS300500005","138","66","72","3","0","0","0","0","n/a","1","0","0","2","Mental","n/a","5","4","0","0","0","0",332,157
"38","EMIS30050H120","611","273","338","0","0","0","0","0","n/a","0","0","0","0","n/a","betn_500_999","1","9","0","0","0","0",215,99
"39","EMIS300500006","642","300","342","0","0","0","0","0","n/a","0","0","0","0","n/a","n/a","9","18","0","0","0","0",228,109
"40","EMIS300500004","169","80","89","2","n/a","n/a","2","n/a","n/a","n/a","n/a","n/a","n/a","n/a","n/a","8","4","n/a","n/a","n/a","n/a",359,169
"41","EMIS300500003","43","13","30","0","0","0","0","0","n/a","0","0","0","0","n/a","n/a","2","3","0","0","0","0",128,21
"42","EMIS300500001","36","14","22","0","0","0","0","0","n/a","0","0","0","0","n/a","n/a","1","2","0","0","0","0",104,27
"43","EMIS300150009","32","18","14","0","0","0","0","0","n/a","0","0","0","0","n/a","betn_20_49","3","1","0","0","0","0",79,51
"44","EMIS300150010","200","n/a","n/a","0","0","0","0","0","n/a","0","0","0","0","n/a","n/a","5","3","0","0","0","0",387,187
"45","EMIS300150004","38","n/a","n/a","0","0","0","0","0","n/a","0","0","0","0","n/a","n/a","2","1","0","0","0","0",387,187
"46","EMIS300150008","42","n/a","n/a","0","0","0","0","n/a","n/a","0","0","0","0","n/a","n/a","2","1","0","0","0","0",387,187
"47","EMIS300150011","155","75","80","0","0","0","0","0","n/a","0","0","0","0","n/a","n/a","4","5","0","0","0","0",346,163
"48","EMIS300150012","635","297","338","0","0","0","0","0","n/a","0","0","0","0","n/a","n/a","3","16","0","0","0","0",222,106
"49","EMIS300090001","7","4","3","0","0","0","0","0","n/a","0","0","0","0","n/a","n/a","3","n/a","0","0","0","0",232,126
"50","EMIS300090007","467","218","249","1","1","0","0","0","n/a","0","0","0","0","n/a","n/a","4","15","0","0","0","0",163,76
"51","EMIS300090008","70","34","36","0","0","0","0","0","n/a","0","0","0","0","n/a","n/a","2","2","0","0","0","0",241,117
"52","EMIS300400009","12","7","5","0","0","0","0","0","n/a","0","0","0","0","n/a","n/a","0","0","0","0","0","0",307,159
"53","EMIS300170008","78","41","37","1","0","0","1","0","n/a","0","0","0","0","n/a","n/a","2","3","0","0","0","0",256,128
"54","EMIS300170009","23","9","14","0","0","0","0","0","n/a","0","0","0","0","n/a","n/a","4","1","0","0","0","0",206,178
"55","EMIS300170005","160","n/a","n/a","0","0","0","0","0","n/a","0","0","0","0","n/a","n/a","5","4","0","0","0","0",387,187
"56","EMIS300170007","38","n/a","n/a","n/a","n/a","n/a","n/a","n/a","n/a","n/a","n/a","n/a","n/a","n/a","n/a","1","1","n/a","n/a","n/a","n/a",387,187
"57","EMIS300170001","370","n/a","n/a","n/a","n/a","n/a","n/a","n/a","n/a","n/a","n/a","n/a","n/a","n/a","n/a","5","7","n/a","n/a","n/a","n/a",387,187
"58","EMIS300430006","37","16","21","0","0","0","0","0","n/a","0","0","0","0","n/a","n/a","1","2","0","0","0","0",110,38
"59","EMIS300090005","54","27","27","1","1","0","0","0","n/a","0","0","0","0","n/a","n/a","4","1","0","0","0","0",194,97
"60","EMIS300430002","35","14","21","0","0","0","0","0","n/a","0","0","0","0","n/a","n/a","2","n/a","0","0","0","0",99,27
"61","EMIS300430007","59","29","30","n/a","n/a","n/a","n/a","n/a","n/a","n/a","n/a","n/a","n/a","n/a","n/a","2","3","n/a","n/a","n/a","n/a",212,105
"62","EMIS300500002","n/a","n/a","n/a","n/a","n/a","n/a","n/a","n/a","n/a","n/a","n/a","n/a","n/a","n/a","betn_50_99","2","1","n/a","n/a","n/a","n/a",387,187
"63","EMIS300150002","58","24","34","1","n/a","n/a","n/a","n/a","n/a","1","n/a","n/a","n/a","n/a","n/a","4","n/a","n/a","n/a","n/a","n/a",200,83
"64","EMIS300150003","28","16","12","1","0","0","0","0","n/a","1","0","0","0","n/a","n/a","2","0","0","0","0","0",53,38
"65","EMIS300150007","65","30","35","2","1","0","0","0","n/a","1","0","0","0","n/a","n/a","5","0","0","0","0","0",229,108
"66","EMIS300150005","41","n/a","n/a","0","0","0","0","0","n/a","0","0","0","0","n/a","n/a","4","0","0","0","0","0",387,187
"67","EMIS300150001","22","12","10","0","0","0","0","0","n/a","0","0","0","0","n/a","n/a","1","2","0","0","0","0",16,14
"68","EMIS300150006","71","31","40","n/a","n/a","n/a","n/a","n/a","n/a","n/a","n/a","n/a","n/a","n/a","n/a","4","2","1","n/a","n/a","n/a",245,111
"69","EMIS300090004","59","29","30","1","0","0","0","0","n/a","1","0","0","0","n/a","n/a","2","2","0","0","0","0",212,105
"70","EMIS300090003","55","20","35","0","0","0","0","0","n/a","0","0","0","0","n/a","n/a","2","2","0","0","0","0",188,67
"71","EMIS300090002","496","260","236","4","n/a","1","n/a","n/a","n/a","3","n/a","n/a","n/a","n/a","n/a","6","9","n/a","n/a","n/a","n/a",175,93
"72","EMIS300090009","72","25","47","0","0","0","0","0","n/a","0","0","0","0","n/a","n/a","2","2","0","0","0","0",229,86
"73","EMIS300090006","205","79","126","13","3","0","0","0","n/a","10","0","0","0","n/a","n/a","6","3","0","0","0","0",186,167
"74","EMIS300170004","48","25","23","0","0","0","0","0","n/a","0","0","0","0","n/a","n/a","1","3","0","0","0","0",166,86
"75","EMIS300170006","500","n/a","n/a","9","5","0","0","0","n/a","4","0","0","0","n/a","n/a","6","6","0","0","0","0",387,187
"76","EMIS300170003","68","42","26","n/a","n/a","n/a","n/a","n/a","n/a","n/a","n/a","n/a","n/a","n/a","n/a","n/a","3","n/a","n/a","n/a","n/a",223,130
"77","EMIS300170002","65","40","25","0","0","0","0","0","n/a","0","0","0","0","n/a","n/a","1","2","0","0","0","0",215,127
"78","EMIS300170010","96","35","61","n/a","n/a","n/a","n/a","n/a","n/a","n/a","n/a","n/a","n/a","n/a","n/a","4","1","n/a","n/a","n/a","n/a",280,118
"79","EMIS300430001","683","316","367","5","3","1","n/a","n/a","n/a","n/a","1","n/a","n/a","n/a","n/a","6","14","n/a","n/a","n/a","n/a",240,113
"80","EMIS300430004","123","62","61","n/a","n/a","n/a","n/a","n/a","n/a","n/a","n/a","n/a","n/a","n/a","n/a","2","2","n/a","n/a","n/a","n/a",315,153
"81","EMIS300430003","9","4","5","0","0","0","0","0","n/a","0","0","0","0","n/a","n/a","2","1","0","0","0","0",274,126
"82","EMIS300430009","11","7","4","0","0","0","0","0","n/a","0","0","0","0","n/a","n/a","1","0","0","0","0","0",292,159
"83","EMIS300430005","120","54","66","0","0","0","0","0","n/a","0","0","0","0","n/a","n/a","6","0","0","0","0","0",310,142
"84","EMIS300010002","370","154","216","0","0","0","0","0","n/a","0","0","0","0","n/a","n/a","3","15","0","0","0","0",112,37
"85","EMIS300410001","162","76","86","2","0","0","2","0","n/a","0","0","0","0","n/a","n/a","5","5","0","0","0","0",351,164
"86","EMIS300410009","605","241","364","n/a","0","0","0","0","n/a","0","0","0","0","n/a","n/a","7","17","0","0","0","0",209,84
"87","EMIS30041H118","92","12","80","0","0","0","0","0","n/a","0","0","0","0","n/a","n/a","3","10","0","0","0","0",197,14
"88","EMIS300410002","161","71","90","0","0","0","0","0","n/a","0","0","0","0","n/a","n/a","3","3","0","0","0","0",353,161
"89","EMIS300410010","17","10","7","1","0","0","1","0","n/a","0","0","0","0","n/a","n/a","1","0","0","0","0","0",174,2
"90","EMIS300410006","279","125","154","0","0","0","0","0","n/a","0","0","0","0","n/a","n/a","6","3","0","0","0","0",54,16
"91","EMIS300410005","59","30","29","0","0","0","0","0","n/a","0","0","0","0","n/a","n/a","4","1","0","0","0","0",212,108
"92","EMIS300410007","496","241","255","1","0","0","0","1","Slow minded","0","0","0","0","n/a","n/a","5","17","0","0","0","0",174,84
"93","EMIS300410004","105","41","64","0","0","0","0","0","n/a","0","0","0","0","n/a","n/a","4","2","0","0","0","0",294,128
"94","EMIS300410003","255","127","128","0","0","0","0","0","n/a","0","0","0","0","n/a","n/a","7","6","0","0","0","0",39,18
"95","EMIS300410008","141","66","75","0","0","0","0","0","n/a","0","0","0","0","n/a","n/a","4","4","0","0","0","0",335,157
"96","EMIS300010007","26","15","11","0","0","0","0","0","n/a","0","0","0","0","n/a","betn_50_99","2","2","0","0","0","0",41,34
"97","EMIS300010003","362","171","191","0","0","0","0","0","n/a","0","0","0","0","n/a","n/a","4","13","0","0","0","0",108,46
"98","EMIS300010005","225","117","108","4","0","0","2","0","n/a","1","0","1","0","n/a","n/a","6","8","0","0","0","0",16,11
"99","EMIS300010008","16","9","7","0","0","0","0","0","n/a","0","0","0","0","n/a","n/a","3","0","0","0","0","0",350,178
"100","EMIS300010004","43","26","17","0","0","0","0","0","n/a","0","0","0","0","n/a","n/a","4","1","0","0","0","0",140,92
"101","EMIS300010006","42","19","23","1","0","0","1","0","n/a","0","0","0","0","n/a","n/a","3","1","0","0","0","0",140,60
"102","EMIS300360004","21","16","5","0","0","0","0","0","n/a","0","0","0","0","n/a","n/a","3","0","0","0","0","0",186,38
"103","EMIS300360010","57","28","29","0","0","0","0","0","n/a","0","0","0","0","n/a","n/a","4","1","0","0","0","0",205,101
"104","EMIS300360001","15","8","7","1","0","0","0","0","n/a","1","0","0","0","n/a","n/a","2","1","0","0","0","0",340,168
"105","EMIS300360012","42","14","28","0","0","0","0","0","n/a","0","0","0","0","n/a","n/a","4","0","0","0","0","0",130,27
"106","EMIS300360003","687","304","383","4","1","0","2","0","n/a","0","1","0","0","n/a","n/a","7","17","0","0","0","0",240,110
"107","EMIS300360005","35","18","17","0","0","0","0","0","n/a","0","0","0","0","n/a","n/a","1","2","0","0","0","0",99,51
"108","EMIS300360007","51","25","26","n/a","n/a","n/a","n/a","n/a","n/a","n/a","n/a","n/a","n/a","n/a","n/a","2","2","n/a","n/a","n/a","n/a",179,86
"109","EMIS300360008","63","31","32","0","0","0","0","0","n/a","0","0","0","0","n/a","n/a","2","2","0","0","0","0",222,111
"110","EMIS300360011","36","21","15","0","0","0","0","0","n/a","0","0","0","0","n/a","n/a","2","1","0","0","0","0",106,71
"111","EMIS300360002","119","63","56","0","0","0","0","0","n/a","0","0","0","0","n/a","n/a","5","4","0","0","0","0",310,154
"112","EMIS300360009","88","38","50","0","0","0","0","0","n/a","0","0","0","0","n/a","n/a","4","1","0","0","0","0",271,122
"113","EMIS300360006","59","24","35","0","0","0","0","0","n/a","0","0","0","0","n/a","n/a","3","2","0","0","0","0",204,83
"114","EMIS300030005","59","32","27","0","0","0","0","0","n/a","0","0","0","0","n/a","n/a","2","1","0","0","0","0",211,114
"115","EMIS300030006","263","126","137","0","0","0","0","0","n/a","0","0","0","0","n/a","n/a","8","6","0","0","0","0",44,17
"116","EMIS300030008","18","11","7","0","0","0","0","0","n/a","0","0","0","0","n/a","n/a","2","0","0","0","0","0",179,7
"117","EMIS300030009","68","31","37","0","0","0","0","0","n/a","0","0","0","0","n/a","n/a","1","2","0","0","0","0",239,111
"118","EMIS300030003","319","150","169","0","0","0","0","0","n/a","0","0","0","0","n/a","n/a","3","14","0","0","0","0",82,35
"119","EMIS300030001","31","18","13","0","0","0","0","0","n/a","0","0","0","0","n/a","n/a","2","1","0","0","0","0",73,51
"120","EMIS300030004","260","128","132","0","0","0","0","0","n/a","0","0","0","0","n/a","n/a","6","8","0","0","0","0",43,19
"121","EMIS300030007","48","24","24","0","0","0","0","0","n/a","0","0","0","0","n/a","n/a","3","1","0","0","0","0",167,83
"122","EMIS300030002","18","7","11","0","0","0","0","0","n/a","0","0","0","0","n/a","n/a","2","0","0","0","0","0",166,159
"123","EMIS300060005","186","83","103","2","1","1","0","0","n/a","0","0","0","0","n/a","n/a","2","7","0","0","0","0",175,172
"124","EMIS300060009","16","7","9","0","0","0","0","0","n/a","0","0","0","0","n/a","n/a","1","0","0","0","0","0",350,159
"125","EMIS300060007","449","176","273","1","0","0","0","0","n/a","1","0","0","0","n/a","n/a","3","18","0","0","0","0",148,48
"126","EMIS300060003","62","30","32","0","0","0","0","0","n/a","0","0","0","0","n/a","n/a","1","3","0","0","0","0",219,108
"127","EMIS300060006","86","43","43","0","0","0","0","0","n/a","0","0","0","0","n/a","n/a","2","2","0","0","0","0",268,131
"128","EMIS300060004","119","43","76","0","0","0","0","0","n/a","0","0","0","0","n/a","n/a","2","5","0","0","0","0",310,131
"129","EMIS300060001","37","18","19","0","0","0","0","0","n/a","0","0","0","0","n/a","n/a","2","2","0","0","0","0",111,51
"130","EMIS300310002","263","128","135","5","1","0","0","2","Slow minded","0","0","0","2","Slow minded","n/a","5","5","0","0","0","0",45,19
"131","EMIS300310006","23","15","8","0","0","0","0","0","n/a","0","0","0","0","n/a","n/a","2","0","0","0","0","0",216,34
"132","EMIS300310007","264","132","132","0","0","0","0","0","n/a","0","0","0","0","n/a","n/a","4","9","0","0","0","0",47,23
"133","EMIS300310003","20","10","10","0","0","0","0","0","n/a","0","0","0","0","n/a","n/a","1","2","0","0","0","0",4,2
"134","EMIS300310009","10","4","6","0","0","0","0","0","n/a","0","0","0","0","n/a","n/a","1","0","0","0","0","0",286,126
"135","EMIS300310004","348","186","162","3","0","0","1","1","Slow minded","0","0","1","0","n/a","n/a","2","17","0","0","0","0",100,57
"136","EMIS300310001","15","7","8","0","0","0","0","0","n/a","0","0","0","0","n/a","n/a","1","1","0","0","0","0",341,159
"137","EMIS300310005","12","8","4","0","0","0","0","0","n/a","0","0","0","0","n/a","n/a","1","0","0","0","0","0",301,168
"138","EMIS300440002","68","27","41","1","1","0","0","0","n/a","0","0","0","0","n/a","n/a","4","2","0","0","0","0",232,97
"139","EMIS300440001","48","21","27","0","0","0","0","0","n/a","0","0","0","0","n/a","n/a","3","0","0","0","0","0",168,71
"140","EMIS300440003","62","27","35","1","1","0","0","0","n/a","0","0","0","0","n/a","n/a","6","n/a","n/a","n/a","n/a","n/a",218,97
"141","EMIS300340011","49","19","30","5","n/a","n/a","3","n/a","The pupils seems to have problem listening and understanding.","n/a","n/a","2","n/a","n/a","n/a","0","2","n/a","n/a","n/a","n/a",167,60
"142","EMIS300340016","64","27","37","0","n/a","n/a","n/a","n/a","None","n/a","n/a","n/a","n/a","None","n/a","3","1","n/a","n/a","n/a","n/a",225,97
"143","EMIS300340010","70","39","31","n/a","n/a","n/a","n/a","n/a","None","n/a","n/a","n/a","n/a","None","n/a","5","0","n/a","n/a","n/a","n/a",233,124
"144","EMIS300340008","221","96","125","n/a","0","0","0","n/a","n/a","0","0","0","n/a","n/a","n/a","4","5","0","0","0","n/a",203,185
"145","EMIS300340012","146","70","76","0","0","0","0","0","None","0","0","0","0","None","betn_100_499","8","3","0","0","0","0",339,160
"146","EMIS300340005","42","22","20","n/a","n/a","n/a","n/a","n/a","None","n/a","n/a","n/a","n/a","None","n/a","1","1","n/a","n/a","n/a","n/a",144,77
"147","EMIS300340013","37","20","17","n/a","n/a","n/a","n/a","n/a","None","n/a","n/a","n/a","n/a","None","n/a","1","2","n/a","n/a","n/a","n/a",115,67
"148","EMIS300340003","62","34","28","0","n/a","n/a","n/a","n/a","None","0","0","0","0","None","n/a","2","2","0","0","0","0",220,117
"149","EMIS300340014","62","29","33","n/a","n/a","n/a","n/a","n/a","None","n/a","n/a","n/a","n/a","None","n/a","2","2","n/a","n/a","n/a","n/a",219,105
"150","EMIS300340007","56","24","32","n/a","n/a","n/a","n/a","n/a","None","n/a","n/a","n/a","n/a","None","n/a","2","2","n/a","n/a","n/a","n/a",194,83
"151","EMIS300340004","200","84","116","n/a","n/a","n/a","n/a","n/a","None","n/a","n/a","n/a","n/a","None","n/a","6","1","n/a","n/a","n/a","n/a",186,173
"152","EMIS300340009","60","30","30","n/a","n/a","n/a","n/a","n/a","None","n/a","n/a","n/a","n/a","None","n/a","1","3","n/a","n/a","n/a","n/a",215,108
"153","EMIS300340015","655","314","341","0","0","0","0","0","None","0","0","0","0","None","n/a","7","15","0","0","0","0",230,112
"154","EMIS30034H021","0","0","0","0","0","0","0","0","Construction in progress","0","0","0","0","0","n/a","1","10","0","0","0","0",2,1
"155","EMIS300340021","33","16","17","n/a","n/a","n/a","n/a","n/a","No girl students with difficulty are studying in this school","n/a","n/a","n/a","n/a","No boys in this school with special needs","n/a","3","0","n/a","n/a","n/a","n/a",86,38
"156","EMIS300340001","101","53","48","n/a","n/a","n/a","n/a","n/a","No girls with special need attend the school","n/a","n/a","n/a","n/a","No boys with special need attend the school","n/a","5","1","n/a","n/a","n/a","n/a",285,141
"157","EMIS300340002","259","117","142","0","n/a","n/a","n/a","n/a","No girls with special need attend this school","n/a","n/a","n/a","n/a","No boys with special need attend this school","n/a","5","8","n/a","n/a","n/a","n/a",42,11
"158","EMIS300480009","89","44","45","0","n/a","n/a","n/a","n/a","None students with special needs attend the school.","n/a","n/a","n/a","n/a","None students with such disability attend the school","n/a","1","2","n/a","n/a","n/a","n/a",272,132
"159","EMIS300480003","70","32","38","0","0","0","0","0","0","0","0","0","0","0","n/a","2","2","0","0","0","0",243,114
"160","EMIS300340006","26","14","12","0","0","0","0","0","0","0","0","0","0","0","n/a","2","n/a","0","0","0","0",42,27
"161","EMIS300480006","130","61","69","0","0","0","0","0","No students with special needs come to school here.","0","0","0","0","No such students","n/a","1","5","0","0","0","0",323,152
"162","EMIS300480005","79","39","40","0","0","0","0","0","No such students","0","0","0","0","No such students.","n/a","3","2","0","0","0","0",258,124
"163","EMIS300480007","82","35","47","0","0","0","0","0","0","0","0","0","0","No such students","n/a","2","3","0","0","0","0",261,118
"164","EMIS300480004","650","266","384","2","0","0","0","0","None","n/a","n/a","n/a","2","One is physically weak and other is mentally ill","n/a","7","13","0","0","0","0",226,95
"165","EMIS300480001","1145","565","580","28","0","16","0","0","All are blind students.","n/a","12","n/a","n/a","All are blind students.","n/a","19","14","n/a","1","n/a","n/a",303,145
"166","EMIS300480010","432","215","217","0","0","0","0","0","None","0","0","0","0","None","n/a","4","11","0","0","0","0",151,75
"167","EMIS300480008","76","38","40","0","0","0","0","0","None","n/a","n/a","n/a","n/a","n/a","n/a","3","2","0","0","0","0",256,122
"168","EMIS300440004","150","65","85","n/a","n/a","n/a","n/a","n/a","n/a","n/a","n/a","n/a","n/a","n/a","betn_100_499","5","5","n/a","n/a","n/a","n/a",342,156
"169","EMIS300440006","321","150","171","0","0","0","0","0","0","0","0","0","0","n/a","n/a","10","8","1","0","0","-1.0",85,35
"170","EMIS300440005","64","37","27","0","0","0","0","0","n/a","0","0","0","0","n/a","n/a","4","1","0","0","0","0",218,121
"171","EMIS300210012","15","4","11","1","0","1","0","0","n/a","0","0","0","0","n/a","n/a","2","0","0","0","0","0",133,126
"172","EMIS300210007","69","30","39","1","0","0","0","0","n/a","1","0","0","0","n/a","n/a","2","3","n/a","n/a","n/a","n/a",240,108
"173","EMIS300210005","90","35","55","0","0","0","0","0","n/a","0","0","0","0","n/a","n/a","3","5","0","0","0","0",273,118
"174","EMIS300210011","475","200","275","1","1","0","0","0","n/a","0","0","0","-1.0","n/a","n/a","8","11","n/a","n/a","n/a","n/a",170,68
"175","EMIS300210001","47","17","30","0","n/a","n/a","n/a","n/a","n/a","n/a","n/a","n/a","n/a","n/a","n/a","3","1","n/a","n/a","n/a","n/a",151,44
"176","EMIS300210003","64","27","37","1","0","0","0","0","n/a","1","0","0","0","n/a","n/a","3","4","0","0","0","0",225,97
"177","EMIS300210006","122","55","67","1","0","0","0","0","n/a","0","0","0","1","Langado","n/a","5","4","0","0","0","0",312,143
"178","EMIS300210002","20","8","12","0","0","0","0","0","n/a","0","0","0","0","n/a","n/a","2","1","0","0","0","0",183,168
"179","EMIS300210009","9","4","5","0","0","0","0","0","n/a","0","0","0","n/a","n/a","n/a","n/a","1","0","0","0","n/a",274,126
"180","EMIS300210010","7","5","2","0","n/a","n/a","n/a","n/a","n/a","n/a","n/a","n/a","n/a","n/a","n/a","2","0","n/a","n/a","n/a","n/a",203,137
"181","EMIS300300013","50","22","28","1","n/a","n/a","n/a","1","Sustamanasthiti","n/a","n/a","n/a","n/a","n/a","n/a","3","0","n/a","n/a","n/a","n/a",180,77
"182","EMIS300300010","11","4","7","0","0","0","0","0","n/a","0","0","0","0","n/a","n/a","1","0","0","0","0","0",298,126
"183","EMIS300300006","297","127","170","1","0","0","0","0","n/a","1","0","0","0","n/a","n/a","6","7","0","0","0","0",67,18
"184","EMIS300300005","21","10","11","0","0","0","0","0","n/a","0","0","0","0","n/a","n/a","1","1","0","0","0","0",9,2
"185","EMIS300300001","188","92","96","0","0","0","0","n/a","n/a","0","0","0","0","n/a","n/a","8","3","n/a","n/a","n/a","n/a",378,181
"186","EMIS300300009","17","8","9","0","0","0","0","0","n/a","0","0","0","0","n/a","n/a","2","0","0","0","0","0",359,168
"187","EMIS300300002","22","12","10","n/a","n/a","n/a","n/a","n/a","n/a","n/a","n/a","n/a","n/a","n/a","n/a","4","n/a","1","n/a","n/a","n/a",16,14
"188","EMIS300300008","37","20","17","0","0","0","0","0","n/a","0","0","0","0","n/a","n/a","4","n/a","n/a","n/a","n/a","n/a",115,67
"189","EMIS300300007","609","259","350","3","n/a","n/a","n/a","n/a","n/a","1","1","n/a","1","n/a","n/a","5","15","n/a","n/a","n/a","n/a",213,91
"190","EMIS300300004","5","2","3","0","0","0","0","0","n/a","0","0","0","0","n/a","n/a","1","0","0","0","0","0",172,66
"191","EMIS300300003","90","43","47","n/a","n/a","n/a","n/a","n/a","n/a","n/a","n/a","n/a","n/a","n/a","n/a","5","2","n/a","n/a","n/a","n/a",274,131
"192","EMIS300210014","18","8","10","n/a","n/a","n/a","n/a","n/a","n/a","n/a","n/a","n/a","n/a","n/a","n/a","1","n/a","n/a","n/a","n/a","n/a",170,168
"193","EMIS300210008","351","176","175","4","n/a","n/a","n/a","n/a","n/a","n/a","2","2","n/a","n/a","n/a","7","9","n/a","n/a","n/a","n/a",101,48
"194","EMIS300210004","93","47","46","0","0","0","0","0","n/a","n/a","n/a","n/a","1","n/a","n/a","5","1","0","0","0","0",277,135
"195","EMIS300480002","380","171","209","3","1","n/a","n/a","2","2 of them have difficulty with understanding.","n/a","n/a","n/a","n/a","None boys come under special needs","n/a","3","9","0","n/a","n/a","n/a",117,46
"196","EMIS300450004","53","20","33","0","0","0","0","0","No disabled students.","0","0","0","0","No disable students.","n/a","2","1","0","0","0","0",181,67
"197","EMIS300450005","405","180","225","1","0","0","0","0","n/a","1","0","0","0","n/a","n/a","4","14","0","0","0","0",130,52
"198","EMIS300450002","415","165","250","7","2","1","0","0","n/a","4","0","0","0","n/a","n/a","5","7","0","0","0","0",129,40
"199","EMIS300380009","110","39","71","1","0","0","0","1","Speaking","0","0","0","0","n/a","n/a","2","2","0","0","0","n/a",298,124
"200","EMIS300450003","145","65","80","0","0","0","0","0","No disable students.","0","0","0","0","No disable students.","n/a","3","2","0","0","0","0",339,156
"201","EMIS300380012","350","150","200","1","0","0","0","0","n/a","0","1","0","0","n/a","n/a","3","13","0","0","0","n/a",103,35
"202","EMIS300450006","65","25","40","n/a","0","0","0","0","No disable students.","0","0","0","0","No disable students.","n/a","1","2","0","0","0","0",220,86
"203","EMIS300490002","65","30","35","0","0","0","0","0","n/a","0","0","0","0","No students with disability.","n/a","3","1","0","0","0","0",229,108
"204","EMIS300490001","210","95","115","0","0","0","0","0","n/a","0","0","0","0","n/a","n/a","2","10","0","0","0","n/a",196,184
"205","EMIS300490005","40","15","25","0","0","0","0","0","No disable students.","0","0","0","0","No disable students.","n/a","0","2","0","0","0","0",122,34
"206","EMIS300270002","148","88","60","2","1","0","0","0","n/a","0","0","1","0","n/a","n/a","1","9","0","0","0","0",337,176
"207","EMIS300270003","95","40","55","0","0","0","0","0","No students with disability.","0","0","0","0","No students with disability.","n/a","1","1","0","0","0","0",282,127
"208","EMIS300490003","72","32","40","0","0","0","0","0","No disable students.","0","0","0","0","No disable students.","n/a","1","2","0","0","0","0",248,114
"209","EMIS300490004","90","40","50","0","0","0","0","0","No disable students.","0","0","0","0","No disable students.","n/a","2","3","0","0","0","0",276,127
"210","EMIS300450001","130","70","60","2","0","0","1","0","n/a","1","0","0","0","n/a","n/a","1","4","0","0","0","0",321,160
"211","EMIS300270010","45","20","25","0","0","0","0","n/a","No disable students .","0","0","0","n/a","No disable students.","n/a","2","0","0","0","0","n/a",155,67
"212","EMIS300270006","70","36","34","2","1","0","0","0","n/a","1","0","0","0","n/a","n/a","1","2","0","0","0","n/a",237,120
"213","EMIS300270009","48","21","27","0","0","0","0","0","No students with disability.","0","0","0","0","No students with disability.","n/a","0","2","0","0","0","n/a",168,71
"214","EMIS300380003","40","17","23","2","1","0","0","0","n/a","1","0","0","0","n/a","n/a","2","1","0","0","0","n/a",124,44
"215","EMIS300380008","210","90","120","3","0","0","0","n/a","n/a","2","1","0","0","n/a","n/a","1","5","0","0","0","n/a",195,179
"216","EMIS300380004","23","11","12","0","0","0","0","0","n/a","0","0","0","0","n/a","n/a","2","0","0","0","0","0",22,7
"217","EMIS300380011","420","179","241","4","0","0","0","1","Mental state abnormal.","0","1","0","2","Difficulty in speaking.","n/a","3","11","0","0","0","n/a",135,50
"218","EMIS300380001","65","30","35","0","0","0","0","0","n/a","0","0","0","0","n/a","n/a","2","3","0","0","0","0",229,108
"219","EMIS300380007","108","46","62","1","0","0","0","0","n/a","0","1","0","0","n/a","n/a","2","4","0","0","0","n/a",297,134
"220","EMIS300270007","65","30","35","3","0","0","1","0","n/a","2","0","0","0","n/a","n/a","2","1","0","0","0","0",229,108
"221","EMIS300270008","25","10","15","1","0","0","0","1","Mentally ill.","0","0","0","n/a","n/a","n/a","1","1","0","0","0","0",37,2
"222","EMIS300270005","210","80","130","4","0","1","0","0","n/a","2","1","0","0","n/a","n/a","4","5","0","0","0","0",192,169
"223","EMIS300270004","115","50","65","12","2","2","1","2","Mental state.","2","1","2","0","n/a","n/a","3","2","0","0","0","0",305,138
"224","EMIS300270001","630","180","450","8","2","0","3","0","n/a","2","0","1","0","n/a","n/a","6","10","0","0","0","0",193,52
"225","EMIS300380010","135","65","70","0","0","0","0","n/a","No students with disability.","0","0","0","n/a","No students with disability.","n/a","1","5","0","0","0","n/a",329,156
"226","EMIS300380002","135","60","75","0","0","0","0","n/a","No students with disability.","0","8","0","n/a","No students with disability.","n/a","3","1","n/a","n/a","n/a","n/a",329,151
"227","EMIS300380006","61","38","23","1","0","0","0","1","Difficulty in speaking.","0","0","0","0","n/a","n/a","4","1","0","0","0","0",202,122
"228","EMIS300380005","67","32","35","1","0","0","0","0","n/a","0","0","0","1","Difficulty in speaking.","n/a","1","4","0","0","0","n/a",235,114
"229","EMIS300260002","10","6","4","0","0","0","0","0","n/a","0","0","0","0","n/a","n/a","1","1","0","0","0","0",283,150
"230","EMIS300260017","556","285","271","0","0","0","0","0","n/a","0","0","0","0","n/a","n/a","5","9","0","0","0","0",203,104
"231","EMIS300260001","84","39","45","0","0","0","0","0","n/a","0","0","0","0","n/a","n/a","3","2","0","0","0","0",264,124
"232","EMIS300260003","144","62","82","0","0","0","0","0","n/a","0","0","0","0","n/a","n/a","2","4","0","0","0","0",337,153
"233","EMIS300260008","100","45","55","0","0","0","0","0","n/a","0","0","0","0","n/a","n/a","3","4","0","0","0","0",288,133
"234","EMIS300260022","25","15","10","0","0","0","0","0","n/a","0","0","0","0","n/a","n/a","1","0","0","0","0","0",36,34
"235","EMIS300260023","14","4","10","0","0","0","0","0","n/a","0","0","0","0","n/a","n/a","1","0","0","0","0","0",128,126
"236","EMIS300260020","18","4","14","0","0","0","0","0","0","0","0","0","0","n/a","n/a","1","0","0","0","0","0",154,126
"237","EMIS300260005","221","101","120","2","0","0","0","1","Mentally Disable","0","1","0","0","n/a","n/a","3","5","0","0","0","n/a",20,4
"238","EMIS300260004","75","32","43","0","0","0","0","0","n/a","0","0","0","0","n/a","n/a","3","2","0","0","0","0",251,114
"239","EMIS300260011","45","27","18","0","0","0","0","0","n/a","0","0","0","0","n/a","n/a","5","0","0","0","0","0",153,97
"240","EMIS300260006","30","12","18","0","0","0","0","0","n/a","0","0","0","0","n/a","n/a","2","1","0","0","0","0",70,14
"241","EMIS300260016","500","225","275","1","0","0","0","0","n/a","0","0","0","1","Slow minded","n/a","5","10","0","0","0","0",180,78
"242","EMIS300260021","16","6","10","0","0","0","0","0","n/a","0","0","0","0","n/a","n/a","1","0","0","0","0","0",152,150
"243","EMIS300260010","50","19","31","0","0","0","0","0","n/a","0","0","0","0","n/a","n/a","2","1","0","0","0","0",169,60
"244","EMIS300260007","39","18","21","0","0","0","0","0","n/a","0","0","0","0","n/a","n/a","1","3","0","0","0","0",123,51
"245","EMIS300260015","39","21","18","0","0","0","0","0","n/a","0","0","0","0","n/a","n/a","2","1","0","0","0","0",127,71
"246","EMIS300260019","200","80","120","2","1","0","0","0","n/a","1","0","0","0","n/a","n/a","5","3","0","0","0","0",185,169
"247","EMIS300260013","50","22","28","0","0","0","0","0","n/a","0","0","0","0","n/a","n/a","2","2","0","0","0","0",180,77
"248","EMIS300260012","17","10","7","0","0","0","0","0","n/a","0","0","0","0","n/a","n/a","1","1","0","0","0","0",174,2
"249","EMIS300260018","916","418","498","4","2","0","0","0","n/a","0","2","0","0","n/a","n/a","6","22","0","0","0","0",275,129
"250","EMIS300470011","121","71","50","0","0","0","0","0","n/a","0","0","0","0","n/a","n/a","5","0","0","0","0","0",310,161
"251","EMIS300470003","90","46","44","0","0","0","0","0","n/a","0","0","0","0","n/a","n/a","2","4","0","0","0","0",273,134
"252","EMIS300470007","400","214","186","0","0","0","0","0","n/a","0","0","0","0","n/a","n/a","5","7","0","0","0","0",133,74
"253","EMIS300470006","85","42","43","0","0","0","0","n/a","n/a","0","0","0","0","n/a","n/a","2","3","0","0","0","0",267,130
"254","EMIS300470002","67","40","27","0","0","0","0","0","n/a","0","0","0","0","n/a","n/a","2","2","0","0","0","0",224,127
"255","EMIS300470001","60","28","32","0","0","0","0","0","n/a","0","0","0","0","n/a","n/a","1","2","0","0","0","0",212,101
"256","EMIS300470005","173","79","94","0","0","0","0","0","n/a","0","0","0","0","n/a","n/a","3","3","0","0","0","0",362,167
"257","EMIS300470010","174","78","96","0","0","0","0","0","n/a","0","0","0","0","n/a","n/a","4","3","0","0","0","0",363,166
"258","EMIS300470009","370","210","160","0","0","0","0","0","n/a","0","0","0","0","n/a","n/a","3","12","0","0","0","0",114,72
"259","EMIS300470004","159","82","77","0","0","0","0","0","n/a","0","0","0","0","n/a","n/a","3","3","0","0","0","0",351,171
"260","EMIS300470008","404","178","226","0","0","0","0","0","n/a","0","0","0","0","n/a","n/a","6","7","0","0","0","0",128,49
"261","EMIS300080005","72","26","46","1","n/a","n/a","n/a","n/a","n/a","1","n/a","n/a","n/a","n/a","n/a","1","2","n/a","n/a","n/a","n/a",234,92
"262","EMIS300080001","122","53","69","1","0","0","1","n/a","n/a","0","0","0","n/a","n/a","n/a","4","6","0","0","0","n/a",312,141
"263","EMIS300080003","150","66","84","n/a","0","0","0","n/a","n/a","0","0","0","n/a","n/a","n/a","4","5","0","0","0","n/a",342,157
"264","EMIS300160014","161","77","84","1","1","0","0","n/a","n/a","0","0","0","0","n/a","n/a","4","4","0","0","0","n/a",350,165
"265","EMIS300220003","370","170","200","5","n/a","1","0","2","Mental","0","0","0","2","Mental","n/a","6","7","1","0","0","0",113,45
"266","EMIS300220004","134","75","59","0","0","0","0","0","n/a","0","0","0","0","n/a","n/a","4","5","1","0","0","n/a",322,163
"267","EMIS300140003","200","90","110","2","0","0","1","0","n/a","n/a","1","0","0","n/a","n/a","3","5","0","0","0","0",187,179
"268","EMIS300080007","282","142","140","n/a","0","0","0","n/a","n/a","n/a","n/a","n/a","n/a","n/a","n/a","6","9","0","0","0","n/a",58,29
"269","EMIS300080010","73","35","38","0","n/a","n/a","n/a","n/a","n/a","n/a","n/a","n/a","n/a","n/a","n/a","4","2","n/a","n/a","n/a","n/a",247,118
"270","EMIS300080004","23","7","16","0","n/a","n/a","n/a","n/a","n/a","n/a","n/a","n/a","n/a","n/a","n/a","2","1","n/a","n/a","n/a","n/a",200,159
"271","EMIS300080002","164","82","82","2","1","n/a","n/a","n/a","n/a","1","n/a","n/a","n/a","n/a","n/a","5","5","n/a","n/a","n/a","n/a",355,171
"272","EMIS300080006","36","15","21","0","n/a","n/a","n/a","n/a","n/a","n/a","n/a","n/a","n/a","n/a","n/a","3","3","n/a","n/a","n/a","n/a",106,34
"273","EMIS300080009","350","145","205","1","n/a","n/a","n/a","n/a","n/a","1","n/a","n/a","n/a","n/a","n/a","4","9","n/a","n/a","n/a","n/a",100,30
"274","EMIS300080011","287","95","194","3","2","n/a","n/a","n/a","n/a","1","n/a","n/a","n/a","n/a","n/a","4","15","n/a","n/a","n/a","n/a",247,184
"275","EMIS300160005","338","162","176","1","n/a","1","n/a","n/a","n/a","n/a","n/a","n/a","n/a","n/a","n/a","4","9","n/a","n/a","n/a","n/a",93,39
"276","EMIS300160006","169","83","86","0","n/a","n/a","n/a","n/a","n/a","n/a","n/a","n/a","n/a","n/a","n/a","3","6","n/a","n/a","n/a","n/a",359,172
"277","EMIS300160009","60","28","32","0","n/a","n/a","n/a","n/a","n/a","n/a","n/a","n/a","n/a","n/a","n/a","2","2","n/a","n/a","n/a","n/a",212,101
"278","EMIS30016H121","60","12","48","n/a","n/a","n/a","n/a","n/a","n/a","n/a","n/a","n/a","n/a","n/a","n/a","1","11","n/a","n/a","n/a","n/a",158,14
"279","EMIS300160001","215","88","127","n/a","n/a","n/a","n/a","n/a","n/a","n/a","n/a","n/a","n/a","n/a","n/a","6","9","n/a","n/a","n/a","n/a",196,176
"280","EMIS300160002","58","22","36","4","2","0","0","0","n/a","2","0","0","0","n/a","n/a","2","1","0","0","0","0",201,77
"281","EMIS300160003","n/a","n/a","n/a","n/a","0","0","0","0","n/a","0","0","0","0","n/a","betn_100_499","9","8","0","0","0","0",387,187
"282","EMIS300160010","138","60","78","1","0","1","0","0","n/a","0","0","0","0","n/a","n/a","4","4","0","0","0","0",332,151
"283","EMIS300160007","600","275","325","3","1","0","0","0","n/a","2","0","0","0","n/a","n/a","7","7","0","0","0","-3.0",212,100
"284","EMIS300160012","65","33","32","0","0","0","0","0","n/a","0","0","0","0","n/a","n/a","2","2","0","0","0","0",227,116
"285","EMIS300160008","170","83","87","0","0","0","0","0","n/a","0","0","0","0","n/a","n/a","2","6","0","0","0","0",360,172
"286","EMIS300220005","636","282","354","0","0","0","0","0","n/a","0","0","0","0","n/a","betn_500_999","3","18","0","0","0","0",226,103
"287","EMIS300220002","48","21","27","2","0","0","0","0","n/a","2","0","0","0","n/a","n/a","3","2","0","0","0","0",168,71
"288","EMIS300140002","176","84","92","0","0","0","0","0","n/a","0","0","0","0","n/a","n/a","3","5","0","0","0","0",367,173
"289","EMIS300140004","82","46","36","0","0","0","0","0","n/a","0","0","0","0","n/a","n/a","4","1","0","0","0","0",258,134
"290","EMIS300140001","76","37","39","0","0","0","0","0","n/a","0","0","0","0","n/a","n/a","4","2","0","0","0","0",253,121
"291","EMIS300220001","56","30","26","5","2","0","0","0","n/a","3","0","0","0","n/a","n/a","2","2","0","0","0","0",201,108
"292","EMIS300140007","355","165","190","1","0","0","0","0","n/a","1","0","0","0","n/a","n/a","3","10","0","0","0","0",101,40
"293","EMIS300140008","75","36","39","0","0","0","0","0","n/a","n/a","n/a","n/a","n/a","n/a","n/a","4","2","0","0","0","0",252,120
"294","EMIS300140005","77","46","31","0","0","0","0","0","n/a","0","0","0","0","n/a","n/a","3","3","0","0","0","0",243,134
"295","EMIS300140006","n/a","n/a","n/a","0","0","0","0","n/a","n/a","0","0","0","0","n/a","betn_50_99","1","1","0","0","0","0",387,187
"296","EMIS300390003","83","38","45","0","0","0","0","0","n/a","0","0","0","0","n/a","n/a","5","1","0","0","0","0",262,122
"297","EMIS300330008","375","185","190","2","1","0","1","0","0","0","0","0","0","0","n/a","4","10","0","0","0","0",117,56
"298","EMIS300330010","42","15","27","0","0","0","0","0","0","0","0","0","0","0","n/a","2","1","0","0","0","0",131,34
"299","EMIS300070002","52","22","30","0","0","0","0","0","n/a","0","0","0","0","n/a","betn_50_99","1","3","0","0","0","0",184,77
"300","EMIS300230008","81","39","42","0","0","0","0","0","n/a","0","0","0","1","Mental disorder","n/a","3","4","0","0","0","0",260,124
"301","EMIS300330019","28","n/a","n/a","0","0","0","0","0","n/a","0","0","0","0","0","n/a","2","0","0","0","0","0",387,187
"302","EMIS300350006","38","23","15","0","0","0","0","0","n/a","0","0","0","0","n/a","n/a","3","2","0","0","0","0",115,80
"303","EMIS300290013","340","150","190","2","0","0","0","1","Hand paralysis","0","0","0","1","Slow nerve system","n/a","4","12","0","0","0","0",96,35
"304","EMIS300070012","62","25","37","1","0","1","0","0","n/a","0","0","0","0","n/a","betn_50_99","4","0","0","0","0","0",214,86
"305","EMIS300070008","421","191","230","3","1","0","0","0","Toneless","1","0","0","1","Senseless","n/a","3","11","0","0","0","0",143,62
"306","EMIS300070003","124","56","68","0","0","0","0","0","n/a","0","0","0","0","n/a","n/a","7","3","0","0","0","0",314,144
"307","EMIS300070004","142","86","56","1","0","0","0","1","Problem in hand.","0","0","0","0","n/a","betn_100_499","5","5","0","0","0","0",331,175
"308","EMIS300070009","405","190","215","0","0","0","0","0","n/a","0","0","0","2","Mental and other problem in speaking.","n/a","4","16","0","0","0","1",135,61
"309","EMIS300460009","36","22","14","1","0","0","0","0","n/a","1","0","0","0","n/a","n/a","4","2","0","0","0","0",105,77
"310","EMIS300460015","28","19","9","0","0","0","0","0","n/a","0","0","0","0","n/a","n/a","2","1","0","0","0","0",251,60
"311","EMIS300460005","117","62","55","1","0","1","0","1","Mental problem","0","0","0","0","n/a","n/a","3","3","0","0","0","0",308,153
"312","EMIS300460007","67","28","39","1","0","0","0","0","n/a","0","0","0","1","Mental illness","n/a","3","2","0","0","0","0",233,101
"313","EMIS300460013","65","30","35","0","0","0","0","0","n/a","0","0","0","0","n/a","n/a","3","0","0","0","0","0",229,108
"314","EMIS300350003","91","40","51","0","0","0","0","2","Mental slowness","0","0","0","0","n/a","n/a","4","1","0","0","0","0",278,127
"315","EMIS300120002","25","12","13","0","0","0","0","0","n/a","0","0","0","0","n/a","n/a","2","0","0","0","0","0",36,14
"316","EMIS300120001","200","90","110","-17.0","0","0","0","0","n/a","0","0","0","1","Mental slowness","n/a","6","4","0","0","0","0",187,179
"317","EMIS300120007","500","225","275","2","0","0","0","1","Mentally slow","0","0","0","1","Mental slow","n/a","7","16","0","0","0","0",180,78
"318","EMIS300120005","32","12","20","0","0","0","0","0","n/a","0","0","0","0","n/a","n/a","1","1","0","0","0","0",81,14
"319","EMIS300120006","280","127","153","2","0","1","0","0","n/a","0","0","0","1","Mental slowness","n/a","6","7","0","0","0","0",55,18
"320","EMIS300120004","55","26","29","0","0","0","0","0","n/a","0","0","0","0","n/a","n/a","1","3","0","0","0","0",196,92
"321","EMIS300120003","118","61","57","0","0","0","0","0","n/a","0","0","0","0","n/a","n/a","4","2","0","0","0","0",309,152
"322","EMIS300190001","116","50","66","1","0","0","0","1","Physical problem like body bend","0","0","0","0","n/a","n/a","5","4","0","0","0","0",306,138
"323","EMIS300190009","466","210","256","0","0","0","0","0","n/a","0","0","0","0","n/a","n/a","4","8","0","0","0","0",163,72
"324","EMIS300190010","418","168","250","2","0","0","0","1","Hand problem","1","0","0","0","n/a","n/a","5","12","0","0","0","0",131,42
"325","EMIS300190005","83","36","47","4","0","0","0","3","1 Hand problem,2 mental slow","0","0","1","0","n/a","n/a","3","2","0","0","0","0",263,120
"326","EMIS300190011","170","80","90","0","0","0","0","0","n/a","0","0","0","0","n/a","n/a","5","8","0","0","0","0",361,169
"327","EMIS300190003","224","111","113","0","0","0","0","0","n/a","0","0","0","0","n/a","n/a","8","7","0","0","0","0",20,9
"328","EMIS300190002","101","50","51","2","0","1","0","0","n/a","0","0","0","1","Mental slow","n/a","6","2","0","0","0","0",289,138
"329","EMIS300190007","236","119","117","8","0","0","1","2","No speaking","0","0","2","3","Mental slow","n/a","7","5","0","0","0","0",27,13
"330","EMIS300190008","80","35","45","3","0","0","0","1","Mentally slow","1","0","1","0","Single person","n/a","7","3","0","0","0","0",258,118
"331","EMIS300190004","73","35","38","0","0","0","0","0","n/a","0","0","0","0","n/a","n/a","4","1","0","0","0","0",247,118
"332","EMIS300230002","248","120","128","2","2","0","0","0","n/a","0","0","0","0","n/a","n/a","6","8","0","0","0","0",36,15
"333","EMIS300230003","152","65","87","1","0","0","0","0","n/a","0","0","0","1","Dumb","n/a","2","5","0","0","0","0",344,156
"334","EMIS300230005","160","75","85","2","0","0","1","0","n/a","1","0","0","0","n/a","n/a","3","6","0","0","0","0",349,163
"335","EMIS300230017","35","15","20","0","0","0","0","0","n/a","1","0","0","0","n/a","n/a","2","1","0","0","0","0",101,34
"336","EMIS300230004","62","30","32","1","0","0","0","0","n/a","1","0","0","0","n/a","n/a","5","1","0","0","0","0",219,108
"337","EMIS300350005","37","15","22","0","0","0","0","0","n/a","0","0","0","0","n/a","n/a","3","1","0","0","0","0",111,34
"338","EMIS300350001","26","13","13","0","0","0","0","0","n/a","0","0","0","0","n/a","n/a","2","1","0","0","0","0",43,21
"339","EMIS300460006","177","89","88","2","0","0","0","0","n/a","0","1","0","1","Mental disorder","n/a","4","5","0","0","0","0",366,177
"340","EMIS300230011","32","13","19","2","0","0","0","2","Speaking problem,mental disorder","0","0","0","0","n/a","n/a","2","2","0","0","0","0",81,21
"341","EMIS300230018","26","10","16","0","0","0","0","0","n/a","0","0","0","0","n/a","n/a","1","1","0","0","0","0",43,2
"342","EMIS300200017","30","23","7","0","0","0","0","0","None","0","0","0","0","None","n/a","1","1","0","0","0","0",252,80
"343","EMIS300230007","171","94","77","1","0","0","0","0","n/a","0","1","0","0","n/a","n/a","5","5","0","0","0","0",363,183
"344","EMIS300350010","390","185","205","2","0","0","0","1","Mental disorders","0","0","0","1","Hand problem","n/a","7","6","0","0","0","0",126,56
"345","EMIS300460004","40","18","22","0","0","0","0","0","n/a","0","0","0","0","n/a","n/a","2","3","0","0","0","0",128,51
"346","EMIS300350007","65","25","40","0","0","0","0","0","n/a","0","0","0","0","n/a","n/a","4","2","0","0","0","0",220,86
"347","EMIS300350008","63","29","34","1","0","0","0","1","Mental disorders","0","0","0","0","n/a","n/a","5","2","0","0","0","0",222,105
"348","EMIS300350004","176","89","87","2","0","0","0","2","1 abnormal body,1 mental disorder","0","0","0","0","n/a","n/a","4","6","0","0","0","0",365,177
"349","EMIS300350002","58","22","36","0","0","0","0","0","n/a","0","0","0","0","n/a","n/a","2","3","0","0","0","0",201,77
"350","EMIS300050002","73","36","37","0","0","0","0","0","None","0","0","0","0","None","n/a","2","3","0","0","0","0",248,120
"351","EMIS300200008","67","37","30","1","0","1","0","0","None","0","0","0","0","None","n/a","1","3","0","0","0","0",228,121
"352","EMIS300200016","113","58","55","3","0","0","0","1","Cannot speak","1","0","1","0","None","n/a","4","5","0","0","0","0",303,148
"353","EMIS300200007","34","20","14","0","0","0","0","0","0","0","0","0","0","0","n/a","3","1","0","0","0","0",95,67
"354","EMIS300200014","398","182","216","2","0","0","0","0","None","0","0","1","2","Mental problem","n/a","2","14","0","0","0","0",129,54
"355","EMIS300200002","42","18","24","1","0","0","0","0","None","0","0","0","1","Metal disorder","n/a","2","1","0","0","0","0",135,51
"356","EMIS300050011","470","255","215","3","1","0","0","1","Mental disorder","0","0","0","1","Mental disorder.","n/a","3","10","0","0","0","0",162,88
"357","EMIS300200005","85","45","40","1","0","0","0","0","None","0","0","0","1","Mental disorder","n/a","3","2","0","0","0","0",267,133
"358","EMIS300050007","148","74","74","0","0","0","0","0","None","0","0","0","0","None","n/a","2","4","0","0","0","0",339,162
"359","EMIS300050006","112","55","57","1","0","0","0","1","Mental disorder","0","0","0","0","0","n/a","5","1","0","0","0","0",300,143
"360","EMIS300390012","328","152","176","2","0","2","0","0","n/a","0","0","0","0","n/a","n/a","4","12","0","0","0","0",90,36
"361","EMIS300390008","36","21","15","1","0","0","0","n/a","n/a","0","0","0","1","Deep Kumar Thapa Magar","n/a","2","1","0","0","0","0",106,71
"362","EMIS300390007","39","18","21","0","0","0","0","n/a","n/a","0","0","0","0","n/a","n/a","4","1","0","0","0","n/a",123,51
"363","EMIS300330001","84","44","40","0","0","0","0","0","n/a","0","0","0","0","n/a","n/a","2","3","0","0","0","n/a",266,132
"364","EMIS300330002","51","25","26","1","0","0","0","0","0","0","0","0","0","0","n/a","3","2","0","0","1","0",179,86
"365","EMIS300290012","277","127","150","3","1","0","0","0","0","1","1","0","0","0","n/a","8","7","0","0","0","0",54,18
"366","EMIS300290005","175","85","90","1","0","0","0","0","n/a","0","0","0","1","No hand.","n/a","4","5","0","0","0","0",366,174
"367","EMIS300290006","56","26","30","0","0","0","0","0","n/a","0","0","0","0","n/a","betn_20_49","4","3","0","0","0","0",199,92
"368","EMIS300240004","341","181","160","0","0","0","0","0","0","0","0","0","0","0","n/a","9","6","0","0","0","0",95,53
"369","EMIS300070007","315","150","165","3","1","0","0","2","Body bend,mental problem","0","0","0","0","n/a","n/a","5","9","0","0","0","0",80,35
"370","EMIS300240003","74","34","40","0","0","0","0","0","n/a","0","0","0","0","n/a","n/a","4","1","0","0","0","0",251,117
"371","EMIS300240001","84","45","39","2","0","0","0","1","Problem in speaking","0","0","1","0","n/a","n/a","4","2","0","0","0","0",265,133
"372","EMIS300100004","60","21","39","0","0","0","0","0","n/a","0","0","0","0","n/a","betn_20_49","3","1","0","0","0","0",203,71
"373","EMIS300070001","44","24","20","0","0","0","0","0","n/a","0","0","0","0","n/a","betn_20_49","4","1","0","0","0","0",150,83
"374","EMIS300070005","130","60","70","0","0","0","0","1","Mental problem","0","0","0","1","Problem in","betn_100_499","3","7","0","0","0","0",324,151
"375","EMIS300070006","50","20","30","1","0","0","0","0","n/a","0","1","0","0","n/a","betn_50_99","2","3","0","0","0","0",174,67
"376","EMIS300240008","20","7","13","0","0","0","0","0","0","0","0","0","0","0","n/a","1","0","0","0","0","0",181,159
"377","EMIS300100006","135","65","70","3","0","0","0","0","n/a","2","0","0","1","No speaking.","n/a","4","6","0","0","0","0",329,156
"378","EMIS300320009","327","149","178","4","1","0","0","2","Mental problem,hand problem","0","0","0","1","Leg problem","n/a","7","8","0","0","0","0",88,33
"379","EMIS300240007","106","51","55","3","1","0","0","0","n/a","1","0","0","1","Mental disorder","n/a","4","1","0","0","0","0",294,139
"380","EMIS300320013","50","27","23","1","0","0","0","0","n/a","0","0","0","1","Mental disorder","n/a","2","0","0","0","0","0",177,97
"381","EMIS300320006","650","300","350","0","0","0","0","0","n/a","0","0","0","0","n/a","betn_500_999","4","18","0","0","0","0",231,109
"382","EMIS300240005","130","63","67","0","0","0","0","0","n/a","0","0","0","0","n/a","n/a","4","5","0","0","0","0",323,154
"383","EMIS300240006","475","200","275","3","1","0","0","1","Problem in hand.","0","0","0","1","Problem in hand and leg","n/a","4","14","0","0","0","0",170,68
"384","EMIS300320003","90","39","51","0","0","0","0","0","n/a","0","0","0","0","n/a","n/a","4","2","0","0","0","0",275,124
"385","EMIS300320005","119","50","69","0","0","0","0","0","n/a","0","0","0","0","n/a","n/a","4","2","0","0","0","0",309,138
"386","EMIS300320008","547","273","274","2","1","0","0","0","n/a","0","0","0","1","Speaking problem","n/a","9","8","0","0","0","0",200,99
"387","EMIS300320010","105","50","55","0","0","0","0","0","n/a","0","0","0","0","n/a","n/a","5","1","0","0","0","0",293,138
"388","EMIS300350015","1900","800","1100","11","3","1","0","1","Abnormal physical body","2","1","0","3","No speaking,2 physical abnormal","n/a","25","76","0","0","0","0",179,170
"389","EMIS300420003","168","76","92","0","0","0","0","0","n/a","0","0","0","0","n/a","n/a","6","0","0","0","0","0",358,164
"390","EMIS300420011","556","256","300","1","0","0","0","0","n/a","0","0","0","1","Speaking problem,hand problem","n/a","7","10","0","0","0","0",197,89
"391","EMIS300420010","160","70","90","0","0","0","0","0","n/a","0","0","0","0","n/a","n/a","6","4","0","0","0","0",352,160
"392","EMIS300420009","92","45","47","0","0","0","0","0","n/a","0","0","0","0","n/a","n/a","3","3","0","0","0","0",276,133
"393","EMIS300420005","7","2","5","0","0","0","0","0","0","0","0","0","0","0","n/a","1","0","0","0","0","0",214,66
"394","EMIS300420008","284","134","150","5","0","0","0","3","No hair","0","0","0","2","Hand and land problem","n/a","4","14","0","0","0","0",60,24
"395","EMIS300420006","28","12","16","1","0","0","0","1","Mental disorder","0","0","0","0","n/a","n/a","2","1","0","0","0","0",55,14
"396","EMIS30035H117","700","200","500","5","1","0","1","0","Physical disoder","0","0","0","3","Physical disoder","n/a","18","57","0","0","0","0",218,68
"397","EMIS300350011","86","40","46","2","0","0","0","0","n/a","0","1","0","1","Hand problem","n/a","9","0","0","0","0","0",269,127
"398","EMIS300460019","333","166","167","4","0","0","0","1","Hand problem","0","0","0","3","Speaking problem 2,1 hand problem","n/a","5","13","0","0","0","0",87,41
"399","EMIS300230021","12","5","7","0","0","0","0","0","n/a","0","0","0","0","n/a","n/a","1","0","0","0","0","0",309,137
"400","EMIS300420007","40","15","25","0","0","0","0","0","n/a","0","0","0","0","n/a","n/a","2","2","0","0","0","0",122,34
"401","EMIS300420004","276","135","141","1","0","0","0","1","Hand problem","0","0","0","0","n/a","n/a","5","9","0","0","0","0",55,25
"402","EMIS300420001","16","6","10","0","0","0","0","0","n/a","0","0","0","0","n/a","n/a","1","1","0","0","0","0",152,150
"403","EMIS300420002","245","100","145","3","1","0","0","2","Speaking problem","0","0","0","0","n/a","n/a","5","9","0","0","0","0",36,3
"404","EMIS300350023","30","12","18","0","0","0","0","0","n/a","0","0","0","0","n/a","n/a","2","0","0","0","0","0",70,14
"405","EMIS300350014","474","236","238","0","0","0","0","0","n/a","0","0","0","0","n/a","n/a","6","13","0","0","0","0",165,82
"406","EMIS300320001","68","30","38","1","0","0","0","0","n/a","0","1","0","0","n/a","n/a","4","0","0","0","0","0",237,108
"407","EMIS300320002","31","17","14","0","0","0","0","0","n/a","0","0","0","0","n/a","n/a","1","1","0","0","0","0",72,44
"408","EMIS300320004","18","8","10","0","0","0","0","0","n/a","0","0","0","0","n/a","n/a","1","1","0","0","0","0",170,168
"409","EMIS300320007","110","53","57","0","0","0","0","0","n/a","0","0","0","0","n/a","n/a","3","4","0","0","0","0",298,141
"410","EMIS300350012","355","174","181","1","0","0","0","1","Abnormal body","0","0","0","0","n/a","n/a","6","9","0","0","0","0",105,47
"411","EMIS300330014","395","197","238","4","1","0","0","1","1 side body paralized","0","0","0","2","Speaking problem","n/a","6","11","0","0","0","0",148,65
"412","EMIS300330015","580","280","300","4","1","0","0","1","Mental slow","0","0","0","2","Finger problem and hand problem","n/a","5","18","0","0","0","0",210,102
"413","EMIS300390001","37","15","22","0","0","0","0","0","n/a","0","0","0","0","n/a","n/a","4","1","0","0","0","0",111,34
"414","EMIS300320019","60","31","29","0","0","0","0","0","0","0","0","0","0","0","n/a","1","4","0","0","0","0",215,111
"415","EMIS300460001","175","80","95","2","0","0","0","1","Mental disorder","0","0","0","1","Mental disorder","n/a","6","3","0","0","0","0",365,169
"416","EMIS300460010","273","115","158","2","0","0","0","1","Speaking problem","0","0","0","1","Mental disorder","n/a","4","15","0","0","0","0",50,10
"417","EMIS300460003","68","35","33","1","0","0","0","0","n/a","0","0","0","1","Problem in speaking","n/a","4","2","0","0","0","0",232,118
"418","EMIS300460011","513","250","263","0","0","1","0","0","n/a","0","0","0","1","Hand problem","n/a","5","18","0","0","0","0",182,87
"419","EMIS300460002","150","70","80","0","0","0","0","0","n/a","0","0","0","0","n/a","n/a","3","2","0","0","0","0",343,160
"420","EMIS300460014","14","8","6","0","0","0","0","1","Problem in leg and problem in hip","0","0","0","1","Speaking problem","n/a","2","0","0","0","0","0",328,168
"421","EMIS300460018","55","23","32","0","0","0","0","0","n/a","0","0","0","0","n/a","n/a","3","0","0","0","0","0",191,80
"422","EMIS300230009","177","78","99","0","0","0","0","0","n/a","0","0","0","0","n/a","n/a","1","8","0","0","0","0",365,166
"423","EMIS300230012","78","36","44","0","0","0","0","0","n/a","0","0","0","0","n/a","n/a","3","3","0","0","0","0",259,120
"424","EMIS300230015","285","125","160","0","1","0","0","1","Speaking problem","0","0","0","1","Speaking problem","n/a","3","10","0","0","0","0",58,16
"425","EMIS300230013","63","30","33","0","0","0","0","0","n/a","0","0","0","0","n/a","n/a","1","3","0","0","0","1",222,108
"426","EMIS300230010","67","33","34","0","0","0","0","1","Mental disorder,leg problem","0","0","0","1","Speaking problem","n/a","2","2","0","0","0","0",233,116
"427","EMIS300230014","278","125","153","0","0","0","0","1","Mental disorder","0","0","0","0","n/a","n/a","2","11","0","0","0","0",53,16
"428","EMIS300230016","18","10","8","0","0","0","0","0","n/a","0","0","0","0","n/a","n/a","3","0","0","0","0","0",184,2
"429","EMIS300230006","210","99","111","0","0","0","0","0","n/a","0","0","0","0","n/a","n/a","2","9","0","0","0","0",196,186
"430","EMIS300230001","302","142","160","0","0","0","0","0","n/a","0","0","0","0","n/a","n/a","6","8","0","0","0","0",71,29
"431","EMIS300350009","100","60","40","0","0","0","0","0","n/a","0","0","0","0","n/a","n/a","5","3","0","0","0","0",285,151
"432","EMIS300350013","800","350","450","0","0","0","0","2","Speaking problem","0","1","0","0","n/a","n/a","13","3","0","0","0","0",260,119
"433","EMIS300390004","310","140","170","0","0","0","0","0","n/a","0","0","0","0","n/a","n/a","7","8","0","0","0","0",77,28
"434","EMIS300050010","823","385","438","1","0","0","0","0","None","0","0","0","0","None","n/a","7","14","1","0","0","0",261,123
"435","EMIS300050009","271","180","91","1","1","0","0","0","None","0","0","0","0","None","n/a","3","3","0","0","0","0",245,52
"436","EMIS300050017","17","3","14","3","0","0","0","0","None","1","1","1","0","None","n/a","1","0","0","0","0","0",135,107
"437","EMIS300050003","182","78","104","0","0","0","0","0","None","0","0","0","0","None","n/a","5","3","0","0","0","0",170,166
"438","EMIS300050005","46","23","23","0","0","0","0","0","None","0","0","0","0","None","n/a","1","3","0","0","0","0",160,80
"439","EMIS300200011","89","43","46","1","0","0","0","0","None","0","1","0","0","None","n/a","4","2","0","0","0","0",273,131
"440","EMIS300200010","12","8","4","0","0","0","0","0","None","0","0","0","0","None","n/a","1","1","0","0","0","0",301,168
"441","EMIS300200012","85","42","43","0","0","0","0","0","None","0","0","0","0","None","n/a","3","2","0","0","0","0",267,130
"442","EMIS300200018","16","7","9","0","0","0","0","0","None","0","0","0","0","None","n/a","3","0","0","0","0","0",350,159
"443","EMIS300200001","211","102","109","0","0","0","0","0","None","0","0","0","0","None","n/a","5","6","0","0","0","0",11,5
"444","EMIS300200003","24","14","10","0","0","0","0","0","None","0","0","0","0","None","n/a","1","1","0","0","0","0",29,27
"445","EMIS300200004","123","63","60","0","0","0","0","0","None","0","0","0","0","None","n/a","3","3","0","0","0","0",315,154
"446","EMIS300200006","303","139","164","1","0","1","0","0","None","0","0","0","0","None","n/a","3","11","0","0","0","0",70,26
"447","EMIS300200019","21","6","15","0","0","0","0","0","None","0","0","0","0","None","n/a","1","0","0","0","0","0",185,150
"448","EMIS300200009","112","48","64","0","0","0","0","0","None","0","0","0","0","None","n/a","2","3","0","0","0","0",302,136
"449","EMIS300050012","131","66","65","1","0","0","0","1","Can't speak","0","0","0","0","None","n/a","2","4","0","0","0","0",324,157
"450","EMIS300050004","78","35","43","2","1","1","0","0","None","0","0","0","0","None","n/a","3","2","0","0","0","0",255,118
"451","EMIS300050001","97","57","40","2","0","0","1","0","None","1","0","0","0","None","n/a","4","2","0","0","0","0",281,147
"452","EMIS300050013","186","91","95","0","0","0","0","0","None","0","0","0","0","Mone","n/a","4","4","0","0","0","0",376,180
"453","EMIS300050008","414","200","214","3","0","0","0","1","Mental disorder","1","0","0","1","Mental disorder","n/a","4","9","0","0","0","1",141,68
"454","EMIS300390006","94","50","44","1","0","0","0","n/a","n/a","1","0","0","0","n/a","n/a","4","3","0","0","0","0",277,138
"455","EMIS300390010","192","102","88","0","0","0","0","0","0","0","0","0","0","0","betn_100_499","4","9","0","0","0","0",194,5
"456","EMIS300390002","211","103","108","0","0","0","0","n/a","n/a","0","0","0","n/a","n/a","n/a","3","11","0","0","0","n/a",11,6
"457","EMIS300330012","263","129","134","0","2","0","0","2","Hand n leg problem","2","0","0","2","Hand problem","n/a","4","8","0","0","0","0",45,20
"458","EMIS300290015","583","257","326","0","6","1","1","1","Leg problem 2,neck 2,","4","n/a","1","3","Speaking 1,hand problem,leg problem","n/a","3","16","0","1","n/a","1",203,90
"459","EMIS300290008","178","83","95","0","0","0","0","0","n/a","0","0","0","0","n/a","n/a","6","5","0","0","0","0",368,172
"460","EMIS300240002","235","115","120","0","0","0","0","0","n/a","0","0","0","0","n/a","n/a","8","5","0","0","0","0",26,10
"461","EMIS300190006","87","38","49","0","0","0","0","0","n/a","0","0","0","0","n/a","n/a","4","1","0","0","0","0",267,122
"462","EMIS300100002","81","50","31","0","0","0","0","0","n/a","0","0","0","0","n/a","n/a","2","3","0","0","0","0",247,138
"463","EMIS300280019","54","20","34","0","0","0","0","0","None","0","0","0","0","None","n/a","1","0","0","0","0","0",184,67
"464","EMIS300180007","122","63","59","0","0","0","0","0","None","0","0","0","0","None","n/a","1","3","0","0","0","0",313,154
"465","EMIS300180005","73","28","45","1","0","0","1","0","None","0","0","0","0","None","n/a","2","1","0","0","0","0",241,101
"466","EMIS300180004","85","44","41","0","0","0","0","0","None","0","0","0","0","none","n/a","3","2","0","0","0","0",267,132
"467","EMIS300180013","138","53","85","0","0","0","0","0","None","0","0","0","0","None","n/a","5","4","0","0","0","0",327,141
"468","EMIS300180006","128","63","63","2","0","0","1","0","None","1","0","0","0","None","n/a","3","1","0","0","0","0",318,154
"469","EMIS300180017","46","26","20","0","0","0","0","0","None","0","0","0","0","None","n/a","2","1","0","0","0","0",159,92
"470","EMIS300180016","19","8","11","0","0","0","0","0","none","0","0","0","0","None","n/a","1","1","0","0","0","0",175,168
"471","EMIS300180002","82","42","40","0","0","0","0","0","None","0","0","0","0","None","n/a","1","3","0","0","0","0",264,130
"472","EMIS300180014","81","43","37","1","0","0","0","1","Can't speak.","0","0","0","0","None","n/a","2","2","0","0","0","0",259,131
"473","EMIS300180011","308","152","149","7","1","0","0","2","Mental disorder","1","0","1","2","Mental disorder","n/a","2","11","0","0","0","0",70,36
"474","EMIS300180022","71","32","39","0","0","0","0","0","None","0","0","0","0","None","n/a","2","2","0","0","0","0",246,114
"475","EMIS300180009","228","111","117","2","1","0","0","0","None","1","0","0","0","None","n/a","3","6","1","0","0","0",23,9
"476","EMIS300180020","25","13","12","0","0","0","0","0","None","0","0","0","0","None","n/a","2","1","0","0","0","0",36,21
"477","EMIS300180003","31","14","17","0","0","0","0","0","None","0","0","0","0","None","n/a","2","1","0","0","0","0",75,27
"478","EMIS300180019","59","31","28","0","0","0","0","0","None","0","0","0","0","None","n/a","4","0","0","0","0","0",214,111
"479","EMIS300180010","50","25","25","0","0","0","0","0","None","0","0","0","0","None","n/a","3","2","0","0","0","0",174,86
"480","EMIS300040006","22","12","10","0","0","0","0","0","None","0","0","0","0","None","n/a","1","0","0","0","0","0",16,14
"481","EMIS300040009","380","208","172","0","0","0","0","0","None","0","0","0","0","None","n/a","7","8","0","0","0","0",121,70
"482","EMIS300040013","46","28","18","0","0","0","0","0","None","0","0","0","0","None","n/a","1","3","0","0","0","0",157,101
"483","EMIS300040022","14","9","5","0","0","0","0","0","None","0","0","0","0","None","less_than_20","1","1","0","0","0","0",326,178
"484","EMIS300040019","24","8","16","0","0","0","0","0","None","0","0","0","0","None","n/a","2","0","0","0","0","0",209,168
"485","EMIS300180008","80","50","30","0","0","0","0","0","n/a","0","0","0","0","n/a","n/a","1","3","0","0","0","0",245,138
"486","EMIS300110001","379","189","190","0","0","0","0","0","None","0","0","0","0","None","n/a","4","9","0","0","0","0",120,59
"487","EMIS300110004","145","63","82","2","1","n/a","n/a","n/a","n/a","n/a","n/a","n/a","1","Talking","n/a","1","3","n/a","n/a","n/a","n/a",338,154
"488","EMIS300110006","87","54","33","1","0","0","0","0","n/a","0","0","0","1","Mental disorder","n/a","3","1","0","0","0","0",256,142
"489","EMIS300110007","35","21","14","0","0","0","0","0","none","0","0","0","0","None","n/a","1","1","0","0","0","0",99,71
"490","EMIS300110008","86","51","35","0","0","0","0","0","None","0","0","0","0","none","n/a","1","2","0","0","0","0",260,139
"491","EMIS300110016","34","19","15","0","0","0","0","0","none","0","0","0","0","none","n/a","3","0","0","0","0","0",95,60
"492","EMIS300110017","50","12","38","1","0","0","0","1","Mental disorder","0","0","0","0","None","n/a","2","0","0","0","0","0",143,14
"493","EMIS300110014","18","9","9","0","0","0","0","0","none","0","0","0","0","None","n/a","2","0","0","0","0","0",369,178
"494","EMIS300110005","94","43","51","2","1","0","0","0","None","1","0","0","0","Noe","n/a","0","2","0","0","0","0",282,131
"495","EMIS300110019","44","22","22","0","0","0","0","0","None","0","0","0","0","None","n/a","2","0","0","0","0","0",154,77
"496","EMIS300110011","41","20","21","2","1","0","0","1","Mental disorder","0","0","0","0","none","n/a","2","1","0","0","0","0",139,67
"497","EMIS300110010","108","55","53","0","0","0","0","0","n/a","0","0","0","0","none","n/a","2","1","0","0","0","0",296,143
"498","EMIS300110009","65","31","34","0","0","0","0","0","n/a","0","0","0","0","none","n/a","0","3","0","0","0","0",228,111
"499","EMIS300250009","247","120","127","2","1","0","0","0","None","1","0","0","0","Nonr","n/a","4","4","1","0","0","0",35,15
"500","EMIS300250008","174","63","108","3","1","0","0","0","none","2","0","0","0","None","n/a","2","4","0","0","0","0",159,154
"501","EMIS300250010","186","82","104","0","0","0","0","0","none","0","0","0","0","None","n/a","3","2","0","0","0","0",175,171
"502","EMIS300250016","103","54","49","0","0","0","0","0","n/a","0","0","0","0","n/a","n/a","3","1","0","0","0","0",287,142
"503","EMIS300110018","103","52","51","0","0","0","0","0","n/a","0","0","0","0","n/a","n/a","2","0","0","0","0","0",291,140
"504","EMIS300250004","146","91","54","1","0","0","0","1","Mental disorder","0","0","0","0","None","n/a","4","3","0","0","0","0",334,180
"505","EMIS300250012","36","18","18","0","0","0","0","0","n/a","0","0","0","0","n/a","n/a","2","0","0","0","0","0",107,51
"506","EMIS300250006","82","35","46","1","0","0","0","0","n/a","0","0","0","1","Mental disorder","n/a","1","2","0","0","0","0",260,118
"507","EMIS300250005","97","50","44","3","0","0","0","2","Can't speak","0","0","0","1","Can't speak","n/a","1","3","0","0","0","0",277,138
"508","EMIS300250007","103","48","52","3","0","0","0","1","Mental disorder","1","0","0","1","Mental disorder","n/a","2","2","0","0","0","0",288,136
"509","EMIS300250001","469","212","257","0","0","0","0","0","n/a","0","0","0","0","Nome","n/a","4","10","0","0","0","0",165,73
"510","EMIS300250002","95","53","39","3","0","0","0","0","n/a","2","0","0","1","Mental disorder","n/a","3","2","0","0","0","0",273,141
"511","EMIS300250011","31","19","12","1","1","0","0","0","n/a","0","0","0","0","n/a","n/a","3","0","0","0","0","0",75,60
"512","EMIS300020019","32","14","18","0","0","0","0","0","None","0","0","0","0","None","n/a","2","0","0","0","0","0",83,27
"513","EMIS300020012","56","23","33","3","0","1","0","1","Mental disorder","0","0","0","1","Can't speak properly.","n/a","1","2","0","0","0","0",194,80
"514","EMIS300020001","104","53","51","2","0","0","0","0","n/a","0","1","0","1","Mental disorder","n/a","3","2","0","0","0","0",292,141
"515","EMIS300020014","98","47","51","2","0","0","0","2","Mental disorder","0","0","0","0","None","n/a","1","2","0","0","0","0",286,135
"516","EMIS300020004","350","169","181","2","0","0","0","0","n/a","2","0","0","0","None","n/a","3","6","0","0","0","0",101,43
"517","EMIS300020011","74","37","37","0","0","0","0","0","None","0","0","0","0","None","n/a","1","2","0","0","0","0",249,121
"518","EMIS300020008","80","41","39","1","1","0","0","0","None","0","0","0","0","None","n/a","2","1","0","0","0","0",260,128
"519","EMIS300020007","325","170","155","2","0","0","1","1","Mental problem","0","0","0","0","None","n/a","4","4","0","0","0","0",84,45
"520","EMIS300130001","381","187","194","3","0","0","0","0","None","1","0","1","1","Mental problem","n/a","5","11","0","0","0","0",121,58
"521","EMIS300280010","213","94","116","1","0","0","0","1","Can't speak","0","0","0","0","n/a","n/a","5","4","0","0","0","0",196,183
"522","EMIS300280003","62","34","28","0","0","0","0","n/a","n/a","0","0","0","n/a","n/a","n/a","1","3","0","0","0","n/a",220,117
"523","EMIS300280005","116","57","59","3","1","0","0","2","Mental problem","0","0","0","0","n/a","n/a","3","2","0","0","0","0",306,147
"524","EMIS300280009","78","34","44","0","0","0","0","n/a","n/a","0","0","0","n/a","n/a","n/a","2","1","0","0","0","n/a",256,117
"525","EMIS300280018","15","7","8","0","0","0","0","n/a","n/a","0","0","0","n/a","n/a","n/a","1","0","0","0","0","n/a",341,159
"526","EMIS300280015","48","33","15","0","0","0","0","0","n/a","0","0","0","0","None","n/a","2","1","0","0","0","0",151,116
"527","EMIS300280008","54","26","28","0","0","0","0","0","n/a","0","0","0","0","n/a","n/a","0","3","0","0","0","0",195,92
"528","EMIS300280011","192","93","99","n/a","0","0","0","0","None","0","0","0","0","None","n/a","2","7","0","0","0","0",381,182
"529","EMIS300020002","65","37","28","0","0","0","0","0","n/a","0","0","0","0","n/a","n/a","3","2","0","0","0","0",224,121
"530","EMIS300020015","71","31","40","0","0","0","0","0","n/a","0","0","0","0","n/a","n/a","2","2","0","0","0","0",245,111
"531","EMIS300020006","90","38","52","0","0","0","0","0","None","0","0","0","0","None","n/a","2","2","0","0","0","0",274,122
"532","EMIS300020005","399","148","215","0","0","0","0","0","None","0","0","0","0","n/a","n/a","5","7","0","0","0","0",106,32
"533","EMIS300020003","43","23","20","1","0","0","0","1","Mental disorder","0","0","0","0","n/a","n/a","2","1","0","0","0","0",147,80
"534","EMIS300280002","108","48","60","1","0","0","0","1","Susta manasthiti","0","0","0","0","n/a","n/a","4","2","0","0","0","0",297,136
"535","EMIS300280012","121","69","52","0","0","0","0","0","n/a","0","0","0","0","n/a","n/a","2","3","0","0","0","0",310,158
"536","EMIS300280014","518","248","270","0","0","0","0","0","n/a","0","0","0","0","n/a","n/a","3","10","0","0","0","0",183,85
"537","EMIS300280006","108","63","45","0","0","0","0","0","n/a","0","0","0","0","n/a","less_than_20","2","1","0","0","0","0",294,154
"538","EMIS300280007","142","75","67","0","0","0","0","0","n/a","0","0","0","0","n/a","n/a","2","1","0","0","0","0",332,163
"539","EMIS300370002","230","110","116","5","1","0","0","2","Mental disorder","0","0","0","2","Mental disorders","n/a","6","3","0","0","0","0",21,8
"540","EMIS300370009","135","59","76","0","0","0","0","0","None","0","0","0","0","None","n/a","3","2","0","0","0","0",328,149
"541","EMIS300370001","601","256","345","0","0","0","0","0","n/a","0","0","0","0","None","n/a","6","10","0","0","0","0",209,89
"542","EMIS300130006","156","65","91","0","0","0","0","0","n/a","0","0","0","0","n/a","n/a","7","2","0","0","0","0",349,156
"543","EMIS300130008","90","51","39","2","0","0","0","0","n/a","1","0","0","1","Susta manstiti","n/a","1","2","0","0","0","0",271,139
"544","EMIS300130009","53","25","28","0","0","0","0","0","None","0","0","0","0","None","n/a","1","1","0","0","0","0",189,86
"545","EMIS300370003","398","203","195","1","0","0","0","0","n/a","1","0","0","0","none","n/a","3","14","1","0","n/a","n/a",133,69
"546","EMIS300280013","33","17","16","0","0","0","0","0","None","0","0","0","0","None","n/a","2","1","0","0","0","0",85,44
"547","EMIS300370007","83","37","46","0","0","0","0","0","n/a","0","0","0","0","n/a","n/a","3","2","0","0","0","0",263,121
"548","EMIS300370015","43","18","25","0","0","0","0","0","n/a","0","0","0","0","n/a","n/a","2","0","0","0","0","0",139,51
"549","EMIS300370010","238","89","149","0","0","0","n/a","n/a","n/a","0","0","0","0","None","n/a","3","8","0","0","0","0",211,177
"550","EMIS300370006","80","34","46","0","0","0","0","0","n/a","0","0","0","0","n/a","n/a","1","2","0","0","0","0",259,117
"551","EMIS300370011","120","54","66","0","0","0","0","0","n/a","0","0","0","0","None","n/a","1","3","0","0","0","0",310,142
"552","EMIS300370013","107","63","44","0","0","0","0","0","None","0","0","0","0","None","n/a","2","1","0","0","0","0",293,154
"553","EMIS300040014","177","79","98","0","0","0","0","0","n/a","0","0","0","0","n/a","n/a","4","5","0","0","0","0",365,167
"554","EMIS300040008","57","31","26","0","0","0","0","0","n/a","0","0","0","0","n/a","n/a","2","2","0","0","0","0",204,111
"555","EMIS300370016","48","24","24","0","0","0","0","0","n/a","0","0","0","0","n/a","n/a","2","1","0","0","0","n/a",167,83
"556","EMIS300110003","124","14","124","n/a","0","0","0","0","none","0","0","0","0","none","n/a","3","1","0","0","0","0",44,27
"557","EMIS300040018","46","28","18","0","0","0","0","0","n/a","0","0","0","0","n/a","n/a","2","0","0","0","0","0",157,101
"558","EMIS300110015","39","19","20","0","0","0","0","0","n/a","0","0","0","0","None","n/a","2","0","0","0","0","0",127,60
"559","EMIS300280004","149","64","85","1","0","0","0","0","None","1","0","0","0","None","n/a","2","2","0","0","0","0",341,155
"560","EMIS300370019","78","42","36","1","0","0","1","0","n/a","0","0","0","0","n/a","n/a","2","1","0","0","0","0",254,130
"561","EMIS300370004","292","149","143","0","0","0","0","0","n/a","0","0","0","0","None","n/a","3","8","0","0","0","0",65,33
"562","EMIS300370014","33","12","21","0","0","0","0","0","n/a","0","0","0","0","None","n/a","2","1","0","0","0","0",86,14
"563","EMIS300040003","47","25","20","1","0","0","0","0","None","1","0","0","0","None","n/a","2","2","0","0","0","0",153,86
"564","EMIS300250003","343","148","195","7","1","0","3","1","Mental problem","0","0","0","2","Cannot speak properly and physical problem","n/a","4","9","0","0","0","0",96,32
"565","EMIS300040002","200","103","98","5","0","0","0","5","Disable people","0","0","0","0","None","n/a","5","4","0","0","0","0",204,6
"566","EMIS300280021","45","20","25","0","0","0","0","0","n/a","0","0","0","0","n/a","n/a","0","1","0","0","0","0",155,67
"567","EMIS300110002","321","147","174","0","0","0","0","0","none","0","0","0","0","none","n/a","2","12","0","0","0","0",83,31
"568","EMIS300280017","93","37","56","2","0","1","0","1","Physical problem.","0","0","0","0","None","n/a","0","2","0","0","0","0",277,121
"569","EMIS300280016","45","26","29","0","0","0","0","0","None","0","0","0","0","None","n/a","2","1","0","0","0","0",196,92
"570","EMIS300280000","30","14","16","0","0","0","0","0","n/a","0","0","0","0","n/a","n/a","0","1","0","0","0","0",68,27
"571","EMIS300180018","35","15","20","0","0","0","0","0","None","0","0","0","0","None","n/a","3","0","0","0","0","0",101,34
"572","EMIS300130018","50","26","24","0","0","0","0","0","n/a","0","0","0","0","n/a","n/a","3","0","0","0","0","0",176,92
"573","EMIS300130005","152","79","73","1","0","0","0","1","Mental disorder","0","0","0","0","none","n/a","3","3","0","0","0","0",343,167
"574","EMIS300130003","265","135","130","0","0","0","0","0","None","0","0","0","0","None","n/a","5","4","0","0","0","0",48,25
"575","EMIS300130011","63","37","26","0","0","0","0","0","None","0","0","0","0","None","n/a","3","2","0","0","0","0",214,121
"576","EMIS300040012","592","226","366","0","0","0","0","0","None","0","0","0","0","Nonen","n/a","1","22","0","0","0","0",205,79
"577","EMIS300130002","53","26","27","0","0","0","0","0","None","0","0","0","0","None","n/a","1","1","0","0","0","0",189,92
"578","EMIS30004H124","98","38","60","0","0","0","0","0","n/a","0","0","0","0","None","n/a","2","14","0","0","0","0",283,122
"579","EMIS300130014","893","394","499","0","0","0","0","0","None","0","0","0","0","None","n/a","7","20","1","0","0","0",272,125
"580","EMIS300040011","1203","568","631","4","0","0","0","0","None","2","1","1","0","None","n/a","14","26","0","0","0","0",311,146
"581","EMIS300040004","63","29","34","0","0","0","n/a","0","n/a","0","0","0","n/a","n/a","n/a","2","1","0","0","0","0",222,105
"582","EMIS300040010","289","195","130","0","0","0","0","0","None","0","0","0","0","None","n/a","4","8","0","0","0","0",86,63
"583","EMIS300040021","42","22","20","3","n/a","2","n/a","n/a","n/a","n/a","n/a","n/a","1","Lato","n/a","1","0","n/a","n/a","n/a","0",144,77
"584","EMIS300040005","80","35","45","5","1","n/a","1","n/a","n/a","3","n/a","n/a","n/a","n/a","n/a","4","1","n/a","n/a","n/a","0",258,118
"585","EMIS300040017","37","15","22","0","0","0","0","n/a","n/a","0","0","0","n/a","n/a","n/a","2","0","0","0","0","n/a",111,34
"586","EMIS300040007","116","50","82","1","0","0","0","0","n/a","0","0","0","1","Cannot Speak.","n/a","4","1","0","0","0","0",322,138
"587","EMIS300180012","476","181","295","0","0","0","0","0","n/a","0","0","0","0","n/a","n/a","3","13","0","1","0","0",158,53
"588","EMIS300180001","131","66","65","2","0","0","0","0","None","0","0","0","2","1 cannot speak and other mental disorder.","n/a","3","3","0","0","0","0",324,157
"589","EMIS300020013","574","257","317","0","0","0","0","0","None","0","0","0","0","None","n/a","9","11","0","0","0","0",200,90
"590","EMIS300110013","46","24","22","0","0","0","0","0","none","0","0","0","0","none","n/a","2","0","0","0","0","0",160,83
"591","EMIS300130012","33","17","15","1","0","0","0","1","Mental disorder.","0","0","0","0","None","n/a","3","0","0","0","0","0",79,44
"592","EMIS300130015","25","0","25","0","0","0","0","0","n/a","0","0","0","0","None","n/a","0","2","0","0","0","0",89,1
"593","EMIS300130022","32","16","16","0","0","0","0","0","n/a","0","0","0","0","n/a","n/a","1","0","0","0","0","0",79,38
"594","EMIS300020009","106","57","49","0","0","0","0","0","None","0","0","0","0","None","n/a","3","1","0","0","0","0",292,147
"595","EMIS300130007","240","131","109","0","0","0","0","0","None","0","0","0","0","None","n/a","5","5","0","0","0","0",28,22
"596","EMIS300130013","35","13","22","0","0","0","0","0","n/a","0","0","0","0","n/a","n/a","1","1","0","0","0","0",98,21
"597","EMIS300130021","34","17","17","0","0","0","0","n/a","n/a","0","0","0","0","n/a","n/a","1","0","0","0","0","0",92,44
"598","EMIS300130004","68","26","42","0","0","0","0","0","n/a","0","0","0","0","n/a","n/a","1","3","0","0","0","0",228,92
"599","EMIS300280001","43","23","20","0","0","0","0","0","n/a","0","0","0","0","n/a","n/a","2","0","0","0","0","0",147,80
"600","EMIS300370008","115","52","63","5","0","0","0","0","n/a","3","0","1","1","Mental disorder","n/a","3","3","1","0","0","0",304,140
"601","EMIS30013H119","126","28","98","0","0","0","0","0","n/a","0","0","0","0","n/a","n/a","5","12","0","0","0","0",299,101
"602","EMIS300370005","79","40","39","0","0","0","0","0","None","0","0","0","0","None","n/a","3","1","0","0","0","0",259,127
"603","EMIS300020016","621","271","350","0","0","0","0","0","None","0","0","0","0","None","n/a","4","16","0","1","0","0",220,98
"604","EMIS300020010","528","264","264","0","0","0","0","0","n/a","0","0","0","0","None","n/a","6","11","0","0","0","0",190,94
"605","EMIS300050018","20","12","8","0","0","0","0","0","n/a","0","0","0","0","n/a","n/a","0","1","0","0","0","0",196,14
"606","EMIS30004H122","520","320","180","0","0","0","0","n/a","n/a","0","0","0","n/a","n/a","n/a","16","15","0","0","0","n/a",172,115
"607","EMIS300420012","11","4","7","0","0","0","0","0","n/a","0","0","0","0","n/a","n/a","2","0","0","0","0","0",298,126
"608","EMIS30002H190","57","17","40","0","n/a","n/a","n/a","n/a","n/a","n/a","n/a","n/a","n/a","n/a","n/a","9","12","n/a","n/a","n/a","n/a",178,44
"609","EMIS30002H125","40","20","20","0","0","0","n/a","n/a","n/a","0","0","0","n/a","n/a","n/a","5","5","n/a","n/a","n/a","n/a",134,67
